word,gold_segmentation,gold_root_heuristic,stemmer_output,exact_match
আছে,আছ+ে,আছ,আছ,True
আসামিদের,আসামি+দের,আসামি,আসামি,True
আত্মীয়স্বজনকে,"আত্মীয়+স্ব+জন+কে, আত্ম+ীয়+স্ব+জন+কে",আত্মীয়,আত্মীয়স্বজন,False
আত্মরক্ষা,আত্ম+রক্ষা,আত্ম,আত্মরক্ষা,False
আবিষ্কার,আবিষ্কার,আবিষ্কার,আবিষ্কা,False
আবির্ভাবের,আবির্ভাব+ের,আবির্ভাব,আবির্ভাব,True
আবহাওয়াকেও,"আবহাওয়া+কে+ও, আব+হাওয়া+কে+ও",আবহাওয়া,আবহাওয়াকেও,False
আচরণ,আচরণ,আচরণ,আচরণ,True
আচরণে,আচরণ+ে,আচরণ,আচরণ,True
আগের,আগে+র,আগে,আগ,False
আগত,আ+গত,আ,আগত,False
আহ্বায়ক,আহ্বায়ক,আহ্বায়ক,আহ্বায়ক,True
আলামত,আলামত,আলামত,আলামত,True
আলো,আলো,আলো,আলো,True
আলোচনাকালে,আলোচনা+কাল+ে,আলোচনা,আলোচনাকাল,False
আমদানিকে,আমদানি+কে,আমদানি,আমদানি,True
আমদানিনির্ভর,আমদানি+নির্ভর,আমদানি,আমদানিনির্ভর,False
আমল,আমল,আমল,আমল,True
আমলারা,আমলা+রা,আমলা,আমলা,True
আনন্দিতই,আনন্দ+িত+ই,আনন্দ,আনন্দিত,False
আনয়নে,আ+নয়ন+ে,আ,আনয়ন,False
আরবিতে,আরব+ি+তে,আরব,আরবি,False
আশঙ্কায়,আ+শঙ্কা+য়,আ,আশঙ্কায়,False
আয়োজনেই,আয়োজন+ে+ই,আয়োজন,আয়োজন,True
ভাতার,"ভাতা+র, ভাত+া+র",ভাতা,ভাতা,True
ভাগনে,ভাগনে,ভাগনে,ভাগন,False
ভাইজান,ভাই+জান,ভাই,ভাইজান,False
ভাল,ভাল,ভাল,ভাল,True
ভালদেসের,ভাল+দেস+ের,ভাল,ভালদেস,False
ভাঙবো,ভাঙ+বো,ভাঙ,ভাঙবো,False
ভারসাম্যের,ভার+সাম্য+ের,ভার,ভারসাম্য,False
ভাড়ায়ও,ভাড়+া+য়+ও,ভাড়,ভাড়ায়,False
ভেবেচিন্তে,ভেব+ে+চিন্ত+ে,ভেব,ভেবেচিন্,False
ভুগছে,ভুগ+ছ+ে,ভুগ,ভুগ,True
ভুগলেও,ভুগ+লে+ও,ভুগ,ভুগল,False
ভগ্নীপতি,ভগ্নী+পতি,ভগ্নী,ভগ্নীপতি,False
ভঙ্গুর,ভঙ্গুর,ভঙ্গুর,ভঙ্গুর,True
ভরণপোষণ,"ভরণ+পোষণ, ভরণ+পোষ+ণ",ভরণ,ভরণপোষণ,False
ভর্তিজ্বর,ভর্তি+জ্বর,ভর্তি,ভর্তিজ্বর,False
ভ্রমণকাহিনী,ভ্রমণ+কাহিনী,ভ্রমণ,ভ্রমণকাহিনী,False
ভ্রমণকারী,ভ্রমণ+কারী,ভ্রমণ,ভ্রমণকারী,False
ছাত্রবাসের,ছাত্র+বাস+ের,ছাত্র,ছাত্রবাস,False
ছাত্রদল,ছাত্র+দল,ছাত্র,ছাত্রদল,False
ছাগল,ছাগল,ছাগল,ছাগল,True
ছাপাবেন,"ছাপ+া+ব+েন, ছাপ+া+ব+ে+ন",ছাপ,ছাপা,False
ছায়া,ছায়া,ছায়া,ছায়া,True
ছাড়াও,ছাড়+া+ও,ছাড়,ছাড়া,False
ছাড়লেন,"ছাড়+ল+েন, ছাড়+ল+ে+ন",ছাড়,ছাড়,True
ছোটসাহেব,ছোট+সাহেব,ছোট,ছোটসাহেব,False
ছেলে,ছেলে,ছেলে,ছেলে,True
ছিলাম,ছিল+াম,ছিল,ছিল,True
ছুরিকাঘাত,ছুরি+কা+ঘাত,ছুরি,ছুরিকাঘাত,False
ছুরিটা,ছুরি+টা,ছুরি,ছুরি,True
ছুটছেন,"ছুট+ছে+ন, ছুট+ছ+ে+ন",ছুট,ছুট,True
ছুটি,ছুট+ি,ছুট,ছুটি,False
ধৈর্য,ধৈর্য,ধৈর্য,ধৈর্য,True
ধাপে,ধাপ+ে,ধাপ,ধাপ,True
ধাপটা,ধাপ+টা,ধাপ,ধাপ,True
ধারাবাহিক,ধারা+বাহ+িক,ধারা,ধারাবাহিক,False
ধারণাকে,ধারণা+কে,ধারণা,ধারণা,True
ঘামাচ্ছি,"ঘাম+া+চ্ছি, ঘাম+া+চ্ছ+ি",ঘাম,ঘাম,True
ঘামাননি,"ঘাম+ান+নি, ঘাম+া+ন+নি",ঘাম,ঘামাননি,False
ঘোলা,ঘোল+া,ঘোল,ঘোলা,False
ঘোরাফেরার,"ঘোরা+ফেরা+র, ঘোর+া+ফের+া+র",ঘোরা,ঘোরাফেরা,False
ঘোরতর,ঘোর+তর,ঘোর,ঘোরতর,False
ঘুমিয়ে,ঘুম+িয়ে,ঘুম,ঘুমা,False
ঘুরেফিরেই,ঘুর+ে+ফির+ে+ই,ঘুর,ঘুরেফিরে,False
ঘুরেও,ঘুর+ে+ও,ঘুর,ঘুর,True
ঘরে,ঘর+ে,ঘর,ঘর,True
ঘরবাড়ি,ঘর+বাড়ি,ঘর,ঘরবাড়ি,False
ঘটলেও,ঘট+লে+ও,ঘট,ঘটল,False
জীবনযাপনের,জীবন+যাপন+ের,জীবন,জীবনযাপন,False
জীবনকাহিনী,জীবন+কাহিনী,জীবন,জীবনকাহিনী,False
জাম্পে,জাম্প+ে,জাম্প,জাম্প,True
জানাজাস্থল,জানাজা+স্থল,জানাজা,জানাজাস্থল,False
জানুয়ারি,জানুয়ারি,জানুয়ারি,জানুয়ারি,True
জার্সিটিকে,জার্সি+টি+কে,জার্সি,জার্সি,True
জোটনিরপেক্ষ,জোট+নিরপেক্ষ,জোট,জোটনিরপেক্ষ,False
জেদ,জেদ,জেদ,জেদ,True
জেগে,জেগ+ে,জেগ,জাগ,False
জেহাদের,জেহাদ+ের,জেহাদ,জেহা,False
জেল,জেল,জেল,জেল,True
জেলাগুলোয়,জেলা+গুলো+য়,জেলা,জেলাগুলোয়,False
জুটিটাকে,জুটি+টা+কে,জুটি,জুটি,True
জবাবটাও,জবাব+টা+ও,জবাব,জবাব,True
জলঢুবে,জল+ঢুব+ে,জল,জলঢুব,False
জল্পনা,জল্পনা,জল্পনা,জল্পনা,True
জমায়েতের,জমায়েত+ের,জমায়েত,জমায়েত,True
জমেছে,জম+েছ+ে,জম,জম,True
জনসহ,জন+সহ,জন,জনসহ,False
জনই,জন+ই,জন,জন,True
জনযুদ্ধের,জন+যুদ্ধ+ের,জন,জনযুদ্ধ,False
জননেত্রী,জন+নেত্র+ী,জন,জননেত্রী,False
জন্মেছিল,"জন্ম+েছ+িল, জন্ম+েছ+ি+ল",জন্ম,জন্ম,True
জন্মবার্ষিকী,জন্ম+বার্ষিক+ী,জন্ম,জন্মবার্ষিকী,False
জন্মগতভাবেই,জন্ম+গত+ভাব+ে+ই,জন্ম,জন্মগতভাব,False
জঙ্গী,জঙ্গী,জঙ্গী,জঙ্গী,True
জঙ্গিবাদ,জঙ্গি+বাদ,জঙ্গি,জঙ্গিবাদ,False
জরিপকেই,জরিপ+কে+ই,জরিপ,জরিপ,True
জয়টাই,জয়+টা+ই,জয়,জয়,True
জংলি,জংলি,জংলি,জং,False
জ্বালাব,জ্বাল+া+ব,জ্বাল,জ্বালাব,False
খঁাটি,খঁাটি,খঁাটি,খঁা,False
খাসা,খাস+া,খাস,খাসা,False
খাদ্যাভ্যাসে,"1 খাদ্য+াভ্যাস+ে, খাদ্য+অভ্যাস+ে",1 খাদ্য,খাদ্যাভ্যাস,False
খাদ্যবিপণিতে,খাদ্য+বিপণি+তে,খাদ্য,খাদ্যবিপণি,False
খাদ্যকে,খাদ্য+কে,খাদ্য,খাদ্য,True
খাদ্যশস্য,খাদ্য+শস্য,খাদ্য,খাদ্যশস্য,False
খাইতাম,খাই+ত+াম,খাই,খাইতাম,False
খাল,খাল,খাল,খাল,True
খেসারত,খেসারত,খেসারত,খেসারত,True
খেলাটাই,খেল+া+টা+ই,খেল,খেলা,False
খেয়ে,"1 খে+য়ে, খা+য়ে",1 খে,খায়,False
খসে,খস+ে,খস,খস,True
খুঁড়ে,খুঁড়+ে,খুঁড়,খুঁড়,True
খবর,খবর,খবর,খবর,True
খবরাদি,"1 খবর+াদি, খবর+আদি",1 খবর,খবরাদি,False
খননকালে,খনন+কাল+ে,খনন,খননকাল,False
ফাইলগুলো,ফাইল+গুলো,ফাইল,ফাইল,True
ফৌজদারি,ফৌজদারি,ফৌজদারি,ফৌজদারি,True
ফেরেন,"1 ফের+েন, ফের+ে+ন, ফির+েন, ফির+ে+ন",1 ফের,ফের,False
ফির,ফির,ফির,ফির,True
ফজলি,ফজলি,ফজলি,ফজ,False
ফুট,ফুট,ফুট,ফুট,True
ফলাফলটি,"1 ফলাফল+টি, ফল+ফল+টি",1 ফলাফল,ফলাফল,False
ফলনশক্তি,ফলন+শক্ত+ি,ফলন,ফলনশক্তি,False
ফ্যাসাদ,ফ্যাসাদ,ফ্যাসাদ,ফ্যাসাদ,True
সৈকত,সৈকত,সৈকত,সৈকত,True
সঁাওতালরা,সঁাওতাল+রা,সঁাওতাল,সঁাওতাল,True
সাঁতারের,সাঁতার+ের,সাঁতার,সাঁতার,True
সাজানো,সাজ+ান+ো,সাজ,সাজানো,False
সাহেবানদের,সাহেব+ান+দের,সাহেব,সাহে,False
সাক্ষাত্কারটা,"সাক্ষাত্+কার+টা, সাক্ষাত্কার+টা",সাক্ষাত্,সাক্ষাত্কার,False
সালফারে,সালফার+ে,সালফার,সালফা,False
সামষ্টিক,"1 সামষ্টি+ক, সমষ্টি+ক",1 সামষ্টি,সামষ্টিক,False
সামলালেও,"সামল+া+ল+ে+ও, সামল+া+লে+ও",সামল,সামলাল,False
সারাক্ষণই,সারা+ক্ষণ+ই,সারা,সারাক্ষণ,False
সার্জনের,সার্জন+ের,সার্জন,সার্জন,True
সাংবাদিকেরা,"1 সাংবাদ+িক+েরা, সংবাদ+িক+েরা",1 সাংবাদ,সাংবাদি,False
সৌভাগ্যই,সৌভাগ্য+ই,সৌভাগ্য,সৌভাগ্য,True
সোসাইটিসহ,সোসাইটি+সহ,সোসাইটি,সোসাইটিসহ,False
সোনাকাটার,সোনা+কাট+া+র,সোনা,সোনাকা,False
সেভাবেই,সে+ভাব+ে+ই,সে,সেভাবে,False
সেদিনের,সেদিন+ের,সেদিন,সেদিন,True
সিঁদুরের,সিঁদুর+ের,সিঁদুর,সিঁদুর,True
সিকিভাগ,সিকি+ভাগ,সিকি,সিকিভাগ,False
সিকিপেটা,সিকি+পেটা,সিকি,সিকিপে,False
সিল্কসিটি,সিল্ক+সিটি,সিল্ক,সিল্কসি,False
সিনেটে,সিনেট+ে,সিনেট,সিনেট,True
সিরিজকে,সিরিজ+কে,সিরিজ,সিরিজ,True
সিংহাসনের,সিংহাসন+ের,সিংহাসন,সিংহাসন,True
সৃষ্টিকর্তার,সৃষ্টি+কর্তা+র,সৃষ্টি,সৃষ্টিকর্তা,False
সসম্মানে,স+সম্মান+ে,স,সসম্,False
সুখ্যাতি,"সু+খ্যাত+ি, সু+খ্যাতি",সু,সুখ্যাতি,False
সুফল,সু+ফল,সু,সুফল,False
সুদূর,সু+দূর,সু,সুদূর,False
সুইপই,সুইপ+ই,সুইপ,সুইপই,False
সুন্দরবন,"সুন্দর+বন, সুন্দর+বন",সুন্দর,সুন্দরবন,False
সুন্নিরা,সুন্নি+রা,সুন্নি,সুন্নি,True
সুপারস্টারের,সুপার+স্টার+ের,সুপার,সুপারস্টার,False
সূচনা,সূচনা,সূচনা,সূচনা,True
সবসময়,সব+সময়,সব,সবসময়,False
সবরকম,সব+রকম,সব,সবরকম,False
সদিচ্ছাকে,"1 সদ+িচ্ছা+কে, সদ+ইচ্ছা+কে",1 সদ,সদিচ্ছা,False
সহজ,সহজ,সহজ,সহজ,True
সহমর্মিতাই,"1 সহ+মর্মি+তা+ই, সহ+মর্মী+তা+ই",1 সহ,সহমর্মিতা,False
সমাধানের,সমাধান+ের,সমাধান,সমাধান,True
সমাজ,সমাজ,সমাজ,সমাজ,True
সমাজবিজ্ঞানের,সমাজ+বি+জ্ঞান+ের,সমাজ,সমাজবিজ্ঞান,False
সমস্যাটি,সমস্যা+টি,সমস্যা,স্যা,False
সমকাল,সম+কাল,কাল,কাল,True
সমকামিতা,সম+কাম+ি+তা,কাম,কামিতা,False
সমরপুস্তক,সমর+পুস্তক,সমর,রপুস্তক,False
সমর্থকগোষ্ঠী,সমর্থক+গোষ্ঠী,সমর্থক,র্থকগোষ্ঠী,False
সমর্থকরা,সমর্থক+রা,সমর্থক,র্থক,False
সময়ের,সময়+ের,সময়,য়,False
সম্মেলনে,সম্মেলন+ে,সম্মেলন,সম্মেলনে,False
সম্প্রদায়বিরোধী,সম্প্রদায়+বি+রোধ+ী,সম্প্রদায়,সম্প্রদায়বিরোধী,False
সম্রাট,সম্রাট,সম্রাট,সম্রাট,True
সওদাগর,সওদাগর,সওদাগর,সওদাগর,True
সপ্তাহ,"1 সপ্তাহ, সপ্ত+অহ, সপ্তাহ, সপ্ত+াহ",1 সপ্তাহ,সপ্তাহ,False
সঙ্কট,সঙ্কট,সঙ্কট,সঙ্কট,True
সরাসরিই,সরাসরি+ই,সরাসরি,সরাসরি,True
সর্বত্রই,সর্বত্র+ই,সর্বত্র,সর্বত্র,True
সংঘাত,সংঘাত,সংঘাত,ঘাত,False
সংখ্যাধিক্যের,"1 সংখ্যা+ধিক্য+ের, সংখ্যা+আধিক্য+ের",1 সংখ্যা,খ্যাধিক্য,False
সংবাদপত্রে,সংবাদ+পত্র+ে,সংবাদ,বাদপত্র,False
সংবাদপত্রসেবীরা,সংবাদ+পত্র+সেবী+রা,সংবাদ,বাদপত্রসেবী,False
সংগঠনও,সংগঠন+ও,সংগঠন,গঠন,False
সংগ্রামরত,সংগ্রাম+রত,সংগ্রাম,গ্রামরত,False
সংগ্রহকারী,সংগ্রহ+কার+ী,সংগ্রহ,গ্রহকারী,False
সংক্রান্ত,সংক্রান্ত,সংক্রান্ত,ক্রা,False
স্তরেই,স্তর+ে+ই,স্তর,স্তর,True
স্বৈরতন্ত্রের,স্বৈর+তন্ত্র+ের,স্বৈর,স্বৈরতন্ত্র,False
স্বাভাবিকও,"1 স্বাভাবিক+ও, স্বভাব+িক+ও",1 স্বাভাবিক,স্বাভাবিক,False
স্বাধীনতাবিরোধীদের,"1 স্বাধীন+তা+বি+রোধ+ী+দের, স্ব+অধীন+তা+বি+রোধ+ী+দের",1 স্বাধীন,স্বাধীনতাবিরোধী,False
স্বজনের,স্ব+জন+ের,স্ব,স্বজন,False
স্বতঃস্ফূর্ত,স্বতঃ+স্ফূর্ত,স্বতঃ,স্বতঃস্ফূর্ত,False
স্বদেশেই,স্ব+দেশ+ে+ই,স্ব,স্বদেশ,False
স্বপ্নপূরণে,স্বপ্ন+পূরণ+ে,স্বপ্ন,স্বপ্নপূরণ,False
স্বয়ংসম্পূর্ণ,স্বয়ং+সম্পূর্ণ,স্বয়ং,স্বয়ংসম্পূর্ণ,False
স্থগিতসহ,স্থগিত+সহ,স্থগিত,স্থগিতসহ,False
স্নৃতি,স্নৃতি,স্নৃতি,স্নৃতি,True
স্নরণসভা,স্নরণ+সভা,স্নরণ,স্নরণসভা,False
স্পোর্ট,স্পোর্ট,স্পোর্ট,স্পোর্ট,True
তৈরি,তৈরি,তৈরি,তৈরি,True
তীরঘেঁষা,তীর+ঘেঁষা,তীর,তীরঘেঁষা,False
তাক,তাক,তাক,তাক,True
তাকানোর,তাকানো+র,তাকানো,তাকানোর,False
তালাবদ্ধ,তালা+বদ্ধ,তালা,তালাবদ্ধ,False
তামাকজনিত,তামাক+জনিত,তামাক,তামাকজনিত,False
তোমাদের,তোমা+দের,তোমা,তোমাদের,False
তোরণ,তোরণ,তোরণ,তোরণ,True
তোরণগুলো,তোরণ+গুলো,তোরণ,তোরণ,True
তেল,তেল,তেল,তেল,True
তেলাপোকার,"তেলাপোকা+র, তেলা+পোকা+র",তেলাপোকা,তেলাপোকা,True
তিনিই,তিনি+ই,তিনি,তিনি,True
তিনটিতে,তিন+টি+তে,তিন,তিন,True
তৃতীয়টি,তৃতীয়+টি,তৃতীয়,তৃতীয়,True
ততক্ষণই,"ততক্ষণ+ই, তত+ক্ষণ+ই",ততক্ষণ,ততক্ষণ,True
তুমুল,তুমুল,তুমুল,তুমুল,True
তলোয়ার,তলোয়ার,তলোয়ার,তলোয়া,False
তলোয়ারবিহীন,"তলোয়ার+বি+হীন, তলোয়ার+বিহীন",তলোয়ার,তলোয়ারবিহীন,False
তরকারি,তরকারি,তরকারি,তরকারি,True
ত্যাগ,ত্যাগ,ত্যাগ,ত্যাগ,True
ডায়রিয়া,ডায়রিয়া,ডায়রিয়া,ডায়রিয়া,True
ডেমোক্রেটিক,ডেমোক্রেট+িক,ডেমোক্রেট,ডেমোক্রেটিক,False
ডেরায়,ডেরা+য়,ডেরা,ডেরায়,False
ডিফেন্ডারের,ডিফেন্ড+ার+ের,ডিফেন্ড,ডিফেন্ডার,False
ডিসপেনসারির,ডিসপেনসারি+র,ডিসপেনসারি,ডিসপেনসারি,True
ডিলারের,ডিলার+ের,ডিলার,ডিলার,True
ডিপার্টমেন্টের,ডিপার্টমেন্ট+ের,ডিপার্টমেন্ট,ডিপার্টমেন্ট,True
ড্রাইভার,ড্রাইভ+ার,ড্রাইভ,ড্রাইভা,False
ড্রেসিংরুমকে,ড্রেস+িং+রুম+কে,ড্রেস,ড্রেসিংরুম,False
অঁাকাবঁাকা,অঁাক+া+বঁাক+া,অঁাক,অঁাকাবঁাকা,False
অভিভাবক,অভিভাবক,অভিভাবক,ভাবক,False
অভিযানও,"অভি+যান+ও, অভিযান+ও",যান,যান,True
অভিনেতা,"অভি+নেতা, অভি+নেতা",নেতা,নেতা,True
অধীর,অধীর,অধীর,অধীর,True
অধিনায়করা,অধি+নায়ক+রা,নায়ক,নায়ক,True
অফেরতযোগ্য,অ+ফেরত+যোগ্য,অ,অফেরতযোগ্য,False
অসত্য,অ+সত্য,অ,অসত্য,False
অসুন্দরের,অ+সুন্দর+ের,অ,অসুন্দর,False
অস্থিতিশীলতামুক্ত,"অ+স্থিত+ি+শীল+তা+মুক্ত, অ+স্থিতি+শীল+তা+মুক্ত",অ,অস্থিতিশীলতামুক্ত,False
অস্ট্রেলিয়াকে,অস্ট্রেলিয়া+কে,অস্ট্রেলিয়া,অস্ট্রেলিয়া,True
অতিথি,অতিথি,অতিথি,অতিথি,True
অতিলোভী,অতি+লোভ+ী,লোভ,লোভী,False
অথিতির,অথিতি+র,অথিতি,অথিতি,True
অগ্রহণযোগ্য,অ+গ্রহণ+যোগ্য,অ,অগ্রহণযোগ্য,False
অনিন্দ,অনিন্দ,অনিন্দ,অনিন্দ,True
অনিয়ম,অ+নিয়ম,অ,অনিয়ম,False
অনুষ্ঠানসূচির,অনুষ্ঠান+সূচি+র,অনুষ্ঠান,ষ্ঠানসূচি,False
অনুকূলে,"অনু+কূল+ে, অনুকূল+ে",কূল,কূল,True
অনুল্লেখ্য,অন+ুল্লেখ্য,অন,ল্লেখ্য,False
অনুমোদনের,"অনু+মোদন+ের, অনু+মোদন+ের",মোদন,মোদন,True
অনুরাগভাজন,অনু+রাগ+ভাজন,রাগ,রাগভাজন,False
অনুশাসনগুলোকে,অনু+শাসন+গুলো+কে,শাসন,শাসন,True
অনুশোচনায়,"অনু+শোচনা+য়, অনুশোচনা+য়",শোচনা,শোচনায়,False
অন্যায়,অ+ন্যায়,অ,অন্যায়,False
অন্যদিকে,অন্য+দিক+ে,অন্য,অন্যদি,False
অপাকিস্তানী,অ+পাকিস্তান+ী,অ,অপাকিস্তানী,False
অপারেশনের,অপারেশন+ের,অপারেশন,অপারেশন,True
অপেক্ষা,"অপেক্ষা, অ+পেক্ষা (ৌ)",অপেক্ষা,অপেক্ষা,True
অপসারণের,অপ+সারণ+ের,সারণ,সারণ,True
অপহরণের,অপ+হরণ+ের,হরণ,হরণ,True
অপরাধে,অপরাধ+ে,অপরাধ,রাধ,False
অপরিচিতদের,অ+পরিচিত+দের,অ,রিচিত,False
অর্ধেকেই,"1 অর্ধ+েক+ে+ই, অর্ধ+এক+ে+ই",1 অর্ধ,অর্ধ,False
অর্জনে,অর্জন+ে,অর্জন,অর্জন,True
অর্বাচীনতায়,অর্বাচীন+তা+য়,অর্বাচীন,অর্বাচীনতায়,False
অর্থনীতিবিদরা,অর্থ+নীতি+বিদ+রা,অর্থ,অর্থনীতিবিদ,False
অশ্লীলতা,অ+শ্লীল+তা,অ,অশ্লীলতা,False
অংশসহ,অংশ+সহ,অংশ,অংশসহ,False
অ্যাথলেটদের,অ্যাথলেট+দের,অ্যাথলেট,অ্যাথলেট,True
অ্যালকোহলসহ,অ্যালকোহল+সহ,অ্যালকোহল,অ্যালকোহলসহ,False
বৈঠক,বৈঠক,বৈঠক,বৈঠক,True
বীর,বীর,বীর,বীর,True
বাঁচানোর,বাঁচ+া+নো+র,বাঁচ,বাঁচানোর,False
বাছাইকালেও,বাছাই+কাল+ে+ও,বাছাই,বাছাইকাল,False
বাজাবেন,"বাজ+া+ব+েন, বাজ+া+ব+ে+ন",বাজ,বাজা,False
বাজেট,বাজেট,বাজেট,বাজেট,True
বাস,বাস,বাস,বাস,True
বাসটিকে,বাস+টি+কে,বাস,বাস,True
বাতাসে,বাতাস+ে,বাতাস,বাতাস,True
বাতি,বাতি,বাতি,বাতি,True
বাহিনী,"বাহিনী, বাহি+নী, বাহী+নী",বাহিনী,বাহিনী,True
বাহনগুলো,বাহন+গুলো,বাহন,বাহন,True
বাইসাইকেলেই,বাই+সাইকেল+ে+ই,বাই,বাইসাইকেলেই,False
বালিকা,বালিকা,বালিকা,বালিকা,True
বারান্দায়,বারান্দা+য়,বারান্দা,বারান্দায়,False
বাটও,বাট+ও,বাট,বাট,True
বাউফলের,বাউ+ফলের,বাউ,বাউফল,False
বাড়ালেন,"বাড়+া+ল+েন, বাড়+া+ল+ে+ন",বাড়,বাড়া,False
বাড়িঘর,বাড়ি+ঘর,বাড়ি,বাড়িঘর,False
বাড়লেই,"বাড়+ল+ে+ই, বাড়+লে+ই",বাড়,বাড়ল,False
বাংলা,বাংলা,বাংলা,বাংলা,True
বাংলাবাজারের,বাংলা+বাজার+ের,বাংলা,বাংলাবাজার,False
বছর,বছর,বছর,বছর,True
বছরটা,বছর+টা,বছর,বছর,True
বোল্ডটিই,বোল্ড+টি+ই,বোল্ড,বোল্ড,True
বোঝাপড়া,"বোঝ+া+পড়া, বোঝ+া+পড়+া",বোঝ,বোঝাপড়া,False
বেত,বেত,বেত,বেত,True
বেগতিক,বে+গতি+ক,বে,বেগতিক,False
বেল্ট,বেল্ট,বেল্ট,বেল্ট,True
বেপরোয়াভাবে,বে+পরোয়া+ভাব+ে,বে,বেপরোয়াভাবে,False
বেশিক্ষণ,"বেশি+ক্ষণ, বেশ+ি+ক্ষণ",বেশি,বেশিক্ষণ,False
বেশুমার,"বে+শুমার, বে+শুমার",বে,বেশুমা,False
বিভাগই,"বিভাগ+ই, বি+ভাগ+ই",বিভাগ,ভাগ,False
বিধ্বস্ত,বি+ধ্বস্ত,ধ্বস্ত,ধ্বস্ত,True
বিষ্নিত,বিষ্ন+িত,বিষ্ন,ষ্নিত,False
বিস্নৃতপ্রায়,বি+স্নৃত+প্রায়,স্নৃত,স্নৃতপ্রায়,False
বিতানকে,"বিতান+কে, বিতান+কে",বিতান,তান,False
বিবেচ্য,বিবেচ্য,বিবেচ্য,বেচ্য,False
বিবৃতিদাতারা,বিবৃতি+দাতা+রা,বিবৃতি,বৃতিদাতা,False
বিচি,বিচি,বিচি,চি,False
বিচ্যুতিগুলো,বি+চ্যুত+ি+গুলো,চ্যুত,চ্যুতি,False
বিদ্ধ,বিদ্ধ,বিদ্ধ,দ্ধ,False
বিদ্রোহ,বিদ্রোহ,বিদ্রোহ,দ্রোহ,False
বিকলাঙ্গতা,"1 বিকল+াঙ্গ+তা, বিকল+অঙ্গ+তা",1 বিকল,কলাঙ্গতা,False
বিক্রির,বিক্রি+র,বিক্রি,ক্রি,False
বিমানবন্দরে,বিমান+বন্দর+ে,বিমান,মানবন্দর,False
বিনাশের,বি+নাশ+ের,নাশ,নাশ,True
বিনোদনকেন্দ্রগুলোও,বিনোদন+কেন্দ্র+গুলো+ও,বিনোদন,নোদনকেন্দ্র,False
বিনিময়েও,বিনিময়+ে+ও,বিনিময়,নিময়,False
বিনিয়োগ,বি+নিয়োগ,নিয়োগ,নিয়োগ,True
বিনিয়োগকারী,বি+নিয়োগ+কার+ী,নিয়োগ,নিয়োগকারী,False
বিপজ্জনকভাবে,"1 বিপজ্+জনক+ভাব+ে, বিপদ+জনক+ভাব+ে",1 বিপজ্,পজ্জনকভাব,False
বিপণিবিতানের,বিপণি+বিতান+ের,বিপণি,পণিবিতান,False
বিশ্ববিদ্যালয়গুলোর,"1 বিশ্ব+বিদ্যা+লয়+গুলো+র, বিশ্ব+বিদ্যা+আলয়+গুলো+র",1 বিশ্ব,শ্ববিদ্যালয়,False
বণ্টনও,বণ্টন+ও,বণ্টন,বণ্টন,True
বৃদ্ধ,বৃদ্ধ,বৃদ্ধ,বৃদ্ধ,True
বৃহস্পতিবার,বৃহস্পতি+বার,বৃহস্পতি,বৃহস্পতিবা,False
বসবাসের,"বস+বাস+ের, বসবাস+ের",বস,বসবাস,False
বুন,বুন,বুন,বুন,True
বহিষ্কারও,বহিষ্কার+ও,বহিষ্কার,বহিষ্কা,False
বহুজাতিক,বহু+জাত+িক,বহু,বহুজাতিক,False
বহুদিন,বহু+দিন,বহু,বহুদিন,False
বহুমুখী,বহু+মুখ+ী,বহু,বহুমুখী,False
বলো,বলো,বলো,বলো,True
বলেছিল,"বল+েছ+িল, বল+েছ+ি+ল",বল,বল,True
বলেই,বল+ে+ই,বল,বল,True
বলিবে,"বল+িব+ে, বল+ি+ব+ে",বল,বলিব,False
বলবেই,"বল+ব+ে+ই, বল+বে+ই",বল,বলব,False
বন্দিদের,বন্দ+ি+দের,বন্দ,বন্দি,False
বঙ্গবন্ধু,বঙ্গ+বন্ধু,বঙ্গ,বঙ্গবন্ধু,False
বরাবর,বরাবর,বরাবর,বরাবর,True
বর্ষা,"বর্ষা, বর্ষ+া",বর্ষা,বর্ষা,True
বর্ষাকাল,"বর্ষা+কাল, বর্ষ+া+কাল",বর্ষা,বর্ষাকাল,False
বর্ষপূর্তিকে,বর্ষ+পূর্ত+ি+কে,বর্ষ,বর্ষপূর্তি,False
ব্যাগ্র,ব্যাগ্র,ব্যাগ্র,ব্যাগ্র,True
ব্যাকগ্রাউন্ডটা,ব্যাক+গ্রাউন্ড+টা,ব্যাক,ব্যাকগ্রাউন্ড,False
ব্যাটিং,ব্যাট+িং,ব্যাট,ব্যাটিং,False
ব্যুরো,ব্যুরো,ব্যুরো,ব্যুরো,True
ব্যবসায়ীরা,ব্যবসা+য়ী+রা,ব্যবসা,ব্যবসায়ী,False
ব্যবহারেরও,ব্যবহার+ের+ও,ব্যবহার,ব্যবহার,True
ব্রিটেনজুড়ে,ব্রিটেন+জুড়ে,ব্রিটেন,ব্রিটেনজুড়ে,False
চাদর,চাদর,চাদর,চাদর,True
চাইব,চাই+ব,চাই,চাইব,False
চাকরিজীবী,চাকরি+জীব+ী,চাকরি,চাকরিজীবী,False
চালুসহ,চালু+সহ,চালু,চালুসহ,False
চালুকৃত,চালু+কৃত,চালু,চালুকৃত,False
চাওয়ার,চাওয়া+র,চাওয়া,চাওয়া,True
চাপাতি,চাপাতি,চাপাতি,চাপাতি,True
চারের,চার+ের,চার,চার,True
চারদিক,চার+দিক,চার,চারদিক,False
চারপাশেই,চার+পাশ+ে+ই,চার,চারপাশ,False
চায়না,"চায়+না, চায়না",চায়,চায়না,False
চায়নি,চায়+নি,চায়,চায়নি,False
চোরাকারবারিদের,"চোর+া+কার+বার+ি+দের, চোর+া+কারবার+ি+দের",চোর,চোরাকারবারি,False
চেষ্টাই,চেষ্টা+ই,চেষ্টা,চেষ্,False
চিত্কার,চিত্কার,চিত্কার,চিত্কা,False
চিত্র,চিত্র,চিত্র,চিত্র,True
চিত্রাঙ্কন,"1 চিত্র+াঙ্কন, চিত্র+অঙ্কন",1 চিত্র,চিত্রাঙ্কন,False
চিন্তাও,চিন্তা+ও,চিন্তা,চিন্তা,True
চিরকুমারিত্বের,চির+কুমার+ি+ত্ব+ের,চির,চিরকুমারিত্ব,False
চণ্ডীদাস,চণ্ডী+দাস,চণ্ডী,চণ্ডীদাস,False
চতুর্থা,চতুর্থ+া,চতুর্থ,চতুর্থা,False
চক্ষুশূল,চক্ষু+শূল,চক্ষু,চক্ষুশূল,False
চলেও,চলে+ও,চলে,চল,False
চন্দ্র,চন্দ্র,চন্দ্র,চন্দ্র,True
দঁাড়ানো,দঁাড়া+নো,দঁাড়া,দঁাড়ানো,False
দঁাড়াও,দঁাড়া+ও,দঁাড়া,দঁাড়া,True
দাঁড়ালে,"দাঁড়া+লে, দাঁড়া+ল+ে",দাঁড়া,দাঁড়াল,False
দাফন,দাফন,দাফন,দাফন,True
দায়িত্বপূর্ণ,দায়িত্ব+পূর্ণ,দায়িত্ব,দায়িত্বপূর্ণ,False
দায়িত্বটা,দায়িত্ব+টা,দায়িত্ব,দায়িত্ব,True
দৌড়াচ্ছে,দৌড়+া+চ্ছ+ে,দৌড়,দৌড়,True
দৌড়টি,দৌড়+টি,দৌড়,দৌড়,True
দোকানপাটে,দোকান+পাট+ে,দোকান,দোকানপাট,False
দোলযাত্রা,দোল+যাত্রা,দোল,দোলযাত্,False
দেখাবে,"দেখ+া+ব+ে, দেখ+া+বে",দেখ,দেখাবে,False
দেখভালকারী,দেখ+ভাল+কার+ী,দেখ,দেখভালকারী,False
দেখলাম,দেখ+ল+াম,দেখ,দেখ,True
দেবকন্যা,দেব+কন্যা,দেব,দেবকন্যা,False
দেননি,দেন+নি,দেন,দেননি,False
দেশ,দেশ,দেশ,দেশ,True
দেশকেই,দেশ+কে+ই,দেশ,দেশ,True
দেউলিয়াই,দেউলিয়া+ই,দেউলিয়া,দেউলিয়া,True
দেয়,দে+য়,দে,দেয়,False
দেয়ালে,দেয়াল+ে,দেয়াল,দেয়ালে,False
দেড়টায়,দেড়+টা+য়,দেড়,দেড়টায়,False
দিনভর,দিন+ভর,দিন,দিনভর,False
দিনক্ষণ,দিন+ক্ষণ,দিন,দিনক্ষণ,False
দিশারি,দিশা+রি,দিশা,দিশারি,False
দিয়েছিলাম,"দি+য়ে+ছ+িল+াম, দি+য়ে+ছি+ল+াম",দি,দিয়,False
দখলদার,দখল+দার,দখল,দখলদা,False
দৃষ্টি,দৃষ্টি,দৃষ্টি,দৃষ্,False
দুজনের,দুজন+ের,দুজন,দুজন,True
দুবারে,দু+বার+ে,দু,দুবা,False
দুইডা,"দুইডা, দুই+ডা",দুইডা,দুইডা,True
দুনিয়ায়,দুনিয়া+য়,দুনিয়া,দুনিয়ায়,False
দুর্ধর্ষ,দুর্ধর্ষ,দুর্ধর্ষ,ধর্ষ,False
দুর্বৃর্ত্তরা,দুর্বৃর্ত্ত+রা,দুর্বৃর্ত্ত,বৃর্ত্ত,False
দুর্যোগের,দুর্যোগ+ের,দুর্যোগ,যোগ,False
দূতাবাস,"1 দূত+াবাস, দূত+আবাস",1 দূত,দূতাবাস,False
দলীয়প্রধান,"দল+ীয়+প্রধান, দল+ীয়+প্র+ধান",দল,দলীয়প্রধান,False
দলই,দল+ই,দল,দল,True
দলনিরপেক্ষ,দল+নিরপেক্ষ,দল,দলনিরপেক্ষ,False
দলটিকে,দল+টি+কে,দল,দল,True
দরজায়,দরজা+য়,দরজা,দরজায়,False
দর্জি,দর্জি,দর্জি,দর্জি,True
দর্শকদের,দর্শক+দের,দর্শক,দর্শক,True
দ্বীপদেশটিতে,দ্বীপ+দেশ+টি+তে,দ্বীপ,দ্বীপদেশ,False
দ্বিধাবিভক্তিই,"দ্বিধা+বিভক্ত+ি+ই, দ্বিধা+বি+ভক্ত+ি+ই",দ্বিধা,দ্বিধাবিভক্তি,False
দ্বিতীয়,দ্বিতীয়,দ্বিতীয়,দ্বিতীয়,True
দ্বন্ববিষয়ক,দ্বন্ব+বিষয়+ক,দ্বন্ব,দ্বন্ববিষয়ক,False
দ্বন্দ্বটি,দ্বন্দ্ব+টি,দ্বন্দ্ব,দ্বন্দ্ব,True
দ্রাবিড়দের,দ্রাবিড়+দের,দ্রাবিড়,দ্রাবিড়,True
এখনও,এখন+ও,এখন,এখন,True
এসো,এসো,এসো,এসো,True
এসবের,এসব+ের,এসব,এসব,True
এডুকেশন,এডুকেশন,এডুকেশন,এডুকেশন,True
এবার,"এবার, এ+বার",এবার,এবা,False
এগোব,"এগোব, এগো+ব",এগোব,এগোব,True
এগিয়েছি,"এগ+িয়ে+ছ+ি, এগ+িয়ে+ছি",এগ,এগিয়ে,False
এগুলোও,এ+গুলো+ও,এ,এই,False
একা,একা,একা,একা,True
একি,একি,একি,একি,True
একমিনিট,এক+মিনিট,এক,একমিনিট,False
এটি,এটি,এটি,এটি,True
থাক,থাক,থাক,থাক,True
থাকছেন,"থাক+ছ+েন, থাক+ছ+ে+ন",থাক,থাক,True
থাকবেন,"থাক+ব+েন, থাক+ব+ে+ন",থাক,থাক,True
থিয়েটার,থিয়েটার,থিয়েটার,থিয়ে,False
গাইতে,গাই+তে,গাই,গাই,True
গার্মেন্টসসহ,গার্মেন্ট+স+সহ,গার্মেন্ট,গার্মেন্টসসহ,False
গাউসনগরের,গাউস+নগর+ের,গাউস,গাউসনগর,False
গায়েই,গা+য়ে+ই,গা,গা,True
গোকুলে,গো+কুলে,গো,গোকুল,False
গোল,গোল,গোল,গোল,True
গোলেও,গোল+ে+ও,গোল,গোল,True
গোলটিই,গোল+টি+ই,গোল,গোল,True
গির্জা,গির্জা,গির্জা,গির্জা,True
গণসঙ্গীতের,গণ+সঙ্গীত+ের,গণ,গণসঙ্গীত,False
গণমাধ্যমও,গণ+মাধ্যম+ও,গণ,গণমাধ্যম,False
গণরুমের,গণ+রুম+ের,গণ,গণরুম,False
গুজবের,গুজব+ের,গুজব,গুজব,True
গুণকীর্তনের,গুণ+কীর্তন+ের,গুণ,গুণকীর্তন,False
গুনগুন,গুন+গুন,গুন,গুনগুন,False
গুরুদুয়ারায়,গুরু+দুয়ারা+য়,গুরু,গুরুদুয়ারায়,False
গুরুদয়াল,"গুরু+দয়াল, গুরু+দয়া+ল",গুরু,গুরুদয়াল,False
গডফাদারগুলো,গড+ফাদার+গুলো,গড,গডফাদা,False
গবেষণায়ও,গবেষণা+য়+ও,গবেষণা,গবেষণায়,False
গল্পটি,গল্প+টি,গল্প,গল্প,True
গর্ভস্থ,গর্ভ+স্থ,গর্ভ,গর্ভস্থ,False
গড়ালে,"গড়া+লে, গড়া+ল+ে",গড়া,গড়াল,False
গ্রাহক,গ্রাহক,গ্রাহক,গ্রাহক,True
গ্রিনকার্ডও,গ্রিন+কার্ড+ও,গ্রিন,গ্রিনকার্ড,False
হঁাটুপানির,হঁাটু+পানি+র,হঁাটু,হঁাটুপানি,False
হঁাড়িতেই,হঁাড়ি+তে+ই,হঁাড়ি,হঁাড়ি,True
হাজার,হাজার,হাজার,হাজা,False
হাজিরের,হাজির+ের,হাজির,হাজির,True
হাইকোর্টের,হাই+কোর্ট+ের,হাই,হাইকোর্ট,False
হামের,হাম+ের,হাম,হাম,True
হামলাগুলোর,হামলা+গুলো+র,হামলা,হামলা,True
হামলায়ও,হামলা+য়+ও,হামলা,হামলায়,False
হারাবেন,"হার+া+ব+েন, হার+া+ব+ে+ন",হার,হারা,False
হারেরও,হার+ের+ও,হার,হার,True
হায়াতে,হায়াত+ে,হায়াত,হায়া,False
হেঁটে,"1 হেঁট+ে, হাঁট+ে",1 হেঁট,হেঁটে,False
হোমিও,হোমিও,হোমিও,হোমি,False
হেরে,"1 হের+ে, হার+ে",1 হের,হার,False
হেরোইনখোর,হেরোইন+খোর,হেরোইন,হেরোইনখোর,False
হেরেছি,"1 হার+েছ+ি, হের+েছ+ি",1 হার,হেরে,False
হেয়ারের,হেয়ার+ের,হেয়ার,হেয়ার,True
হিসেবে,হিসেব+ে,হিসেব,হিসেব,True
হিন্দু,"হিন্দু, হিন্দ+ু",হিন্দু,হিন্দু,True
হৃদয়,হৃদয়,হৃদয়,হৃদয়,True
হৃদয়ে,হৃদয়+ে,হৃদয়,হৃদয়,True
হতদরিদ্র,হত+দরিদ্র,হত,হতদরিদ্র,False
হুইল,হুইল,হুইল,হুইল,True
হুমকি,হুমকি,হুমকি,হুমকি,True
হচ্ছেনই,"হচ্ছ+েন+ই, হচ্ছ+ে+ন+ই",হচ্ছ,হচ্,False
হইতে,হইত+ে,হইত,হই,False
হলুদ,হলুদ,হলুদ,হলুদ,True
হলগুলোয়,হল+গুলো+য়,হল,হলগুলোয়,False
হয়ে,হয়+ে,হয়,হয়,True
হয়েছে,হয়+েছ+ে,হয়,হয়,True
হ্যান্ডবল,হ্যান্ড+বল,হ্যান্ড,হ্যান্ডবল,False
হ্রাস,হ্রাস,হ্রাস,হ্রাস,True
ইসলামী,ইসলাম+ী,ইসলাম,ইসলামী,False
ইঞ্চির,ইঞ্চি+র,ইঞ্চি,ইঞ্চি,True
ইচ্ছেই,ইচ্ছে+ই,ইচ্ছে,ইচ্ছেই,False
ইচ্ছেমতোই,ইচ্ছে+মতো+ই,ইচ্ছে,ইচ্ছেমতোই,False
ইচ্ছুক,"1 ইচ্ছুক, ইচ্ছা+ক",1 ইচ্ছুক,ইচ্ছুক,False
ইলেভেন,ইলেভেন,ইলেভেন,ইলেভ,False
ইলেকশন,ইলেকশন,ইলেকশন,ইলেকশন,True
ইমামেরও,ইমাম+ের+ও,ইমাম,ইমাম,True
ইন্স্যুরেন্স,ইন্স্যুরেন্স,ইন্স্যুরেন্স,ইন্স্যুরেন্স,True
ইরান,ইরান,ইরান,ইরান,True
ইশারাই,ইশারা+ই,ইশারা,ইশারাই,False
ইউনিয়নকে,ইউনিয়ন+কে,ইউনিয়ন,ইউনিয়ন,True
ইউয়িনের,ইউয়িন+ের,ইউয়িন,ইউয়িন,True
ইয়র্কার,ইয়র্ক+ার,ইয়র্ক,ইয়র্কা,False
ইংলিশদের,ইংলিশ+দের,ইংলিশ,ইংলিশ,True
যাজক,যাজক,যাজক,যাজক,True
যাত্রামঞ্চে,যাত্রা+মঞ্চ+ে,যাত্রা,যাত্রামঞ্চ,False
যাবে,"যা+ব+ে, যা+বে",যা,যাব,False
যাচ্ছে,যা+চ্ছ+ে,যা,যায়,False
যাদবের,যাদব+ের,যাদব,যাদব,True
যাওয়াকে,যা+ওয়া+কে,যা,যাওয়া,False
যাপনে,যাপন+ে,যাপন,যাপন,True
যারা,যারা,যারা,যারা,True
যেদিকেই,যে+দিক+ে+ই,যে,যেদি,False
যেহেতু,"যেহেতু, যে+হেতু",যেহেতু,যেহেতু,True
যেমন,যেমন,যেমন,যেমন,True
যুদ্ধ,যুদ্ধ,যুদ্ধ,যুদ্ধ,True
যুগান্তর,"যুগ+ান্তর, যুগ+অন্তর",যুগ,যুগান্তর,False
যুগিয়েই,যুগ+িয়ে+ই,যুগ,যুগা,False
যন্ত্রণাদায়ক,"যন্ত্রণা+দায়ক, যন্ত্রণা+দায়+ক",যন্ত্রণা,যন্ত্রণাদায়ক,False
যন্ত্রণায়,যন্ত্রণা+য়,যন্ত্রণা,যন্ত্রণায়,False
কালী,কালী,কালী,কালী,True
কামারকুণ্ডু,কামার+কুণ্ডু,কামার,কামারকুণ্ডু,False
কার্য,কার্য,কার্য,কার্য,True
কার্যে,কার্য+ে,কার্য,কার্য,True
কার্যবিবরণীসহ,কার্য+বিবরণ+ী+সহ,কার্য,কার্যবিবরণীসহ,False
কার্যক্রমকেই,কার্য+ক্রম+কে+ই,কার্য,কার্যক্রম,False
কাটছে,কাট+ছে,কাট,কাট,True
কাটেনি,কাট+ে+নি,কাট,কাটেনি,False
কাউন্টারগুলোর,কাউন্টার+গুলো+র,কাউন্টার,কাউন্,False
কৌতুহলোদ্দীপক,"1 কৌতুহল+োদ্দীপক, কৌতুহল+উদ্দীপক",1 কৌতুহল,কৌতুহলোদ্দীপক,False
কৌতুক,কৌতুক,কৌতুক,কৌতুক,True
কৌশলপত্রের,কৌশল+পত্র+ের,কৌশল,কৌশলপত্র,False
কোচ,কোচ,কোচ,কোচ,True
কোথাকার,কোথা+কার,কোথা,কোথাকা,False
কোমর,কোমর,কোমর,কোমর,True
কোনোক্রমে,কোনো+ক্রম+ে,কোনো,কোনোক্রম,False
কোট,কোট,কোট,কোট,True
কেউ,কেউ,কেউ,কেউ,True
কিস্তি,কিস্তি,কিস্তি,কিস্তি,True
কিলোমিটার,কিলো+মিটার,কিলো,কিলোমি,False
কিনেছে,"কিন+েছ+ে, কিন+ে+ছ+ে",কিন,কিন,True
কৃষি,কৃষি,কৃষি,কৃষি,True
কৃপারাম,কৃপা+রাম,কৃপা,কৃপারাম,False
কতজন,কত+জন,কত,কতজন,False
কুসুমকে,কুসুম+কে,কুসুম,কুসুম,True
কুস্তি,কুস্তি,কুস্তি,কুস্তি,True
কুমন্ত্রণার,কু+মন্ত্র+ণা+র,কু,কুমন্ত্রণা,False
কুয়ালালামপুরে,কুয়ালালামপুর+ে,কুয়ালালামপুর,কুয়ালালামপুর,True
কুড়িতে,কুড়ি+তে,কুড়ি,কুড়ি,True
কূটকৌশলই,কূট+কৌশল+ই,কূট,কূটকৌশল,False
কূটকচালের,কূট+ক+চাল+ের,কূট,কূটকচাল,False
কূটনীতিবিদদের,কূট+নীতি+বিদ+দের,কূট,কূটনীতিবিদ,False
কদাচিত,কদাচিত,কদাচিত,কদাচিত,True
কথাবার্তার,কথা+বার্তা+র,কথা,কথাবার্তার,False
কথাটার,কথা+টা+র,কথা,কথা,True
কলেজও,কলেজ+ও,কলেজ,কলেজ,True
কল্যাণমুখী,কল্যাণ+মুখ+ী,কল্যাণ,কল্যাণমুখী,False
কল্পনাসাধ্য,কল্পনা+সাধ্য,কল্পনা,কল্পনাসাধ্য,False
কমান্ডার্স,কমান্ডার্স,কমান্ডার্স,কমান্ডার্স,True
কমিটি,কমিটি,কমিটি,কমি,False
কমিটিকেও,কমিটি+কে+ও,কমিটি,কমি,False
কমিউনিস্টছড়া,কমিউনিস্ট+ছড়া,কমিউনিস্ট,কমিউনিস্টছড়া,False
কমসংখ্যক,"1 কম+সংখ্য+ক, কম+সংখ্যা+ক",1 কম,কমসংখ্যক,False
কনস্টেবলদের,কনস্টেবল+দের,কনস্টেবল,কনস্টেবল,True
করে,করে,করে,কর,False
করেছে,কর+েছ+ে,কর,কর,True
করবর্ষ,করবর্ষ,করবর্ষ,করবর্ষ,True
করলেও,"কর+ল+ে+ও, কর+লে+ও",কর,করল,False
কর্ণধার,কর্ণ+ধার,কর্ণ,কর্ণধা,False
কর্তৃপক্ষ,কর্তৃ+পক্ষ,কর্তৃ,কর্তৃপক্ষ,False
কর্তব্য,কর্তব্য,কর্তব্য,কর্তব্য,True
কর্মীদের,কর্ম+ী+দের,কর্ম,কর্মী,False
কর্মচারী,কর্ম+চারী,কর্ম,কর্মচারী,False
কর্মচারীরা,কর্ম+চারী+রা,কর্ম,কর্মচারী,False
কর্মযজ্ঞ,কর্ম+যজ্ঞ,কর্ম,কর্মযজ্ঞ,False
কটাক্ষে,কটাক্ষ+ে,কটাক্ষ,কটাক্ষ,True
কড়ইতলা,কড়ই+তলা,কড়ই,কড়ইতলা,False
ক্ষেতমজুররা,ক্ষেত+মজুর+রা,ক্ষেত,ক্ষেতমজুর,False
ক্ষেত্রটি,ক্ষেত্র+টি,ক্ষেত্র,ক্ষেত্র,True
ক্ষতিগ্রস্তদের,ক্ষতি+গ্রস্ত+দের,ক্ষতি,ক্ষতিগ্রস্ত,False
ক্ষুধাই,ক্ষুধা+ই,ক্ষুধা,ক্ষুধা,True
ক্ষুব্ধতা,ক্ষুব্ধ+তা,ক্ষুব্ধ,ক্ষুব্ধতা,False
ক্ষমতা,ক্ষমতা,ক্ষমতা,ক্ষমতা,True
ক্ষমতাহীন,ক্ষমতা+হীন,ক্ষমতা,ক্ষমতাহীন,False
ক্যাম্পাসভিত্তিক,"ক্যাম্পাস+ভিত্তিক, ক্যাম্পাস+ভিত্তি+ক",ক্যাম্পাস,ক্যাম্পাসভিত্তিক,False
ক্যান্টনমেন্ট,ক্যান্টনমেন্ট,ক্যান্টনমেন্ট,ক্যান্টনমেন্ট,True
ক্যারিয়ারে,ক্যারিয়ার+ে,ক্যারিয়ার,ক্যারিয়ার,True
ক্যাশ,ক্যাশ,ক্যাশ,ক্যাশ,True
ক্লিয়ারিং,ক্লিয়ার+িং,ক্লিয়ার,ক্লিয়ারিং,False
ক্রীড়াচক্রসহ,ক্রীড়া+চক্র+সহ,ক্রীড়া,ক্রীড়াচক্রসহ,False
লীগেরই,লীগ+ের+ই,লীগ,লীগ,True
লাখ,লাখ,লাখ,লাখ,True
লাইনম্যান,লাইন+ম্যান,লাইন,লাইনম্যান,False
লাইটার,লাইটার,লাইটার,লাই,False
লালকুঠি,লাল+কুঠি,লাল,লালকুঠি,False
লালন,লালন,লালন,লালন,True
লিখছি,"লিখ+ছ+ি, লিখ+ছ+ি",লিখ,লিখ,True
লিফলেট,লিফলেট,লিফলেট,লিফলেট,True
লিফলেটের,লিফলেট+ের,লিফলেট,লিফলেট,True
লিডারশিপ,"লিডার+শিপ, লিড+ার+শিপ",লিডার,লিডারশিপ,False
লজ্জায়,লজ্জা+য়,লজ্জা,লজ্জায়,False
লণ্ডখণ্ডা,লণ্ড+খণ্ড+া,লণ্ড,লণ্ডখণ্ডা,False
লস্কর,লস্কর,লস্কর,লস্,False
লুঙ্গি,লুঙ্গি,লুঙ্গি,লুঙ্গি,True
লঞ্চগুলোকে,লঞ্চ+গুলো+কে,লঞ্চ,লঞ্চ,True
লঞ্চটি,লঞ্চ+টি,লঞ্চ,লঞ্চ,True
লবিতে,লবি+তে,লবি,লবি,True
লগ্ন,লগ্ন,লগ্ন,লগ্ন,True
ললিত,ললিত,ললিত,ললিত,True
লংঘন,লংঘন,লংঘন,লংঘন,True
মাস্টার,মাস্টার,মাস্টার,মাস্,False
মাস্টারই,মাস্টার+ই,মাস্টার,মাস্,False
মাস্টারপাড়া,মাস্টার+পাড়া,মাস্টার,মাস্টারপাড়া,False
মাদক,মাদক,মাদক,মাদক,True
মাদকের,মাদকের,মাদকের,মাদক,False
মাইক্রোচালক,মাইক্রো+চালক,মাইক্রো,মাইক্রোচালক,False
মালটা,মাল+টা,মাল,মাল,True
মামার,মামা+র,মামা,মামা,True
মানানো,মান+া+নো,মান,মানানো,False
মানায়,মান+া+য়,মান,মানায়,False
মানসিকতারও,মানসিক+তা+র+ও,মানসিক,মানসিকতা,False
মানসম্মত,মান+সম্মত,মান,মানসম্মত,False
মানুষটার,মানুষ+টা+র,মানুষ,মানুষ,True
মার্চ,মার্চ,মার্চ,মার্চ,True
মাঝরাতে,মাঝ+রাত+ে,মাঝ,মাঝরা,False
মধু,মধু,মধু,মধু,True
মধ্যেই,মধ্য+ে+ই,মধ্য,মধ্য,True
মধ্যমাঠ,মধ্য+মাঠ,মধ্য,মধ্যমাঠ,False
মোকাবিলায়,মোকাবিলা+য়,মোকাবিলা,মোকাবিলায়,False
মোটরসাইকেলযোগে,মোটর+সাইকেল+যোগ+ে,মোটর,মোটরসাইকেলযোগে,False
মেলার,মেলা+র,মেলা,মেলা,True
মেয়ে,মেয়ে,মেয়ে,মায়,False
মিনিস্টাররা,মিনিস্টার+রা,মিনিস্টার,মিনিস্,False
মিনিটে,মিনিট+ে,মিনিট,মিনিট,True
মিটমাটের,"মিট+মাট+ের, মিটমাট+ের",মিট,মিটমাট,False
মজুদও,মজুদ+ও,মজুদ,মজুদ,True
মৃত্যুঞ্জয়,মৃত্যু+ঞ্জয়,মৃত্যু,মৃত্যুঞ্জয়,False
মৃত্যুদণ্ডাদেশ,"1 মৃত্যু+দণ্ড+াদেশ, মৃত্যু+দণ্ড+আদেশ",1 মৃত্যু,মৃত্যুদণ্ডাদেশ,False
মৃত্যুদণ্ডের,মৃত্যু+দণ্ড+ের,মৃত্যু,মৃত্যুদণ্ড,False
মৃদুল,মৃদুল,মৃদুল,মৃদুল,True
মস্তানদের,মস্তান+দের,মস্তান,মস্তান,True
মতের,মত+ের,মত,মত,True
মতকে,মত+কে,মত,মত,True
মতপার্থক্যটাকে,মত+পার্থক্য+টা+কে,মত,মতপার্থক্য,False
মুখ,মুখ,মুখ,মুখ,True
মুখরোচক,মুখ+রোচক,মুখ,মুখরোচক,False
মুসলিমকে,মুসলিম+কে,মুসলিম,মুসলিম,True
মুক্তিযোদ্ধাকে,মুক্তি+যোদ্ধা+কে,মুক্তি,মুক্তিযোদ্ধা,False
মূল্যবৃদ্ধি,মূল্য+বৃদ্ধি,মূল্য,মূল্যবৃদ্ধি,False
মডেলের,মডেল+ের,মডেল,মডেল,True
মহাপরিকল্পনা,"মহা+পরি+কল্পনা, মহা+পরিকল্পনা",মহা,মহাপরিকল্পনা,False
মহিষখোঁচা,মহিষ+খোঁচা,মহিষ,মহিষখোঁচা,False
মহড়া,মহড়া,মহড়া,মহড়া,True
মলমূত্র,মল+মূত্র,মল,মলমূত্র,False
মনে,মন+ে,মন,মন,True
মনোরথ,মনো+রথ,মনো,মনোরথ,False
মন্ত্রণালয়েও,"1 মন্ত্রণা+লয়+ে+ও, মন্ত্রণা+আলয়+ে+ও",1 মন্ত্রণা,মন্ত্রণালয়,False
মরণছোবলে,মরণ+ছোবল+ে,মরণ,মরণছোবল,False
নীতি,নীতি,নীতি,নীতি,True
নাতি,নাতি,নাতি,নাতি,True
নাচ,নাচ,নাচ,নাচ,True
নালিশি,নালিশ+ি,নালিশ,নালিশি,False
নামেননি,"নাম+েন+নি, নাম+ে+ন+নি",নাম,নামেননি,False
নামগন্ধ,নাম+গন্ধ,নাম,নামগন্ধ,False
নানাবিধ,নানা+বিধ,নানা,নানাবিধ,False
নারী,নারী,নারী,নারী,True
নারকেল,নারকেল,নারকেল,নারকেল,True
নভোথিয়েটার,নভো+থিয়েটার,নভো,নভোথিয়ে,False
নোটও,নোট+ও,নোট,নোট,True
নেতা,নেতা,নেতা,নেতা,True
নেবেনই,"নেব+েন+ই, নেব+ে+ন+ই",নেব,নেব,True
নেমেছিলেনও,"1 নেম+েছ+িল+ে+ন+ও, নেম+ে+ছি+ল+ে+ন+ও, নাম+েছ+িল+েন+ও, নাম+ে+ছি+ল+েন+ও",1 নেম,নাম,False
নিচ্ছিল,"নি+চ্ছ+িল, নি+চ্ছি+ল",নি,নেয়,False
নিলেন,"নিল+েন, নিল+ে+ন",নিল,নিল,True
নিরাপত্তাব্যবস্থা,নিরাপত্তা+ব্যবস্থা,নিরাপত্তা,নিরাপত্তাব্যবস্থা,False
নিরাপত্তাকে,নিরাপত্তা+কে,নিরাপত্তা,নিরাপত্তা,True
নির্ভরশীলতাকে,নির্ভর+শীল+তা+কে,নির্ভর,ভরশীলতা,False
নির্বাসনই,নির্বাসন+ই,নির্বাসন,বাসন,False
নির্মাণে,নির্মাণ+ে,নির্মাণ,মাণ,False
নির্মম,নির্মম,নির্মম,মম,False
নিশানা,নিশানা,নিশানা,নিশানা,True
নিশ্বাসে,নি+শ্বাস+ে,নি,নিশ্বাস,False
নিউইয়র্কে,নিউইয়র্ক+ে,নিউইয়র্ক,নিউইয়র্,False
নিয়মে,নিয়ম+ে,নিয়ম,নিয়ম,True
নিয়মতান্ত্রিক,"1 নিয়ম+তান্ত্র+িক, নিয়ম+তন্ত্র+িক",1 নিয়ম,নিয়মতান্ত্রিক,False
নিয়মবহির্ভূতভাবে,নিয়ম+বহির্ভূত+ভাব+ে,নিয়ম,নিয়মবহির্ভূতভাব,False
নিয়ন্ত্রণে,নিয়ন্ত্রণ+ে,নিয়ন্ত্রণ,নিয়ন্ত্রণ,True
নজরুলসহ,নজরুল+সহ,নজরুল,নজরুলসহ,False
নগরীতে,নগর+ী+তে,নগর,নগরী,False
নগরীর,নগর+ী+র,নগর,নগরীর,False
নগরবাসীর,নগর+বাস+ী+র,নগর,নগরবাসীর,False
নন্দী,নন্দী,নন্দী,নন্দী,True
নয়াদিল্লিসহ,নয়া+দিল্লি+সহ,নয়া,নয়াদিল্লিসহ,False
ওষুধসামগ্রীর,ওষুধ+সামগ্রী+র,ওষুধ,ওষুধসামগ্রীর,False
পঁাচটিতে,পঁাচ+টি+তে,পঁাচ,পঁাচ,True
পাসপোর্টটি,পাসপোর্ট+টি,পাসপোর্ট,পাসপোর্ট,True
পাততে,পাত+তে,পাত,পাত,True
পাথর,পাথর,পাথর,পাথর,True
পারাটাই,পার+া+টা+ই,পার,পারা,False
পারছে,পার+ছে,পার,পার,True
পারফরম্যান্সে,পারফরম্যান্স+ে,পারফরম্যান্স,পারফরম্যান্স,True
পার্বণে,পার্বণ+ে,পার্বণ,পার্বণ,True
পাশা,পাশা,পাশা,পাশা,True
পাটি,পাটি,পাটি,পাটি,True
পেঁৗছালে,"পেঁৗছ+া+ল+ে, পেঁৗছ+া+লে",পেঁৗছ,পেঁৗছালে,False
পেঁৗছার,পেঁৗছ+া+র,পেঁৗছ,পেঁৗছা,False
পেঁয়াজের,পেঁয়াজ+ের,পেঁয়াজ,পেঁয়াজ,True
পোষেন,"পোষ+েন, পোষ+ে+ন",পোষ,পোষ,True
পোহাতে,পোহা+তে,পোহা,পোহা,True
পোশাকসহ,পোশাক+সহ,পোশাক,পোশাকসহ,False
পোশাকই,পোশাক+ই,পোশাক,পোশাক,True
পেছানোর,পেছা+নো+র,পেছা,পেছানোর,False
পেজ,পেজ,পেজ,পেজ,True
পেতে,পেতে,পেতে,পেত,False
পেরেক,পেরেক,পেরেক,পেরেক,True
পেটপুরে,পেট+পুর+ে,পেট,পেটপুরে,False
পেয়েছে,পে+য়ে+ছ+ে,পে,পায়,False
পেয়েছেন,"পে+য়ে+ছ+েন, পেয়ে+ছ+ে+ন",পে,পায়,False
পিছনের,পিছন+ের,পিছন,পিছন,True
পৃথিবীরই,পৃথিবীর+ই,পৃথিবীর,পৃথিবীর,True
পত্রপত্রিকাগুলো,"পত্র+পত্রিকা+গুলো, পত্র+পত্র+িকা+গুলো",পত্র,পত্রপত্রিকা,False
পুকুরগুলো,পুকুর+গুলো,পুকুর,পুকুর,True
পুরস্কার,পুরস্কার,পুরস্কার,পুরস্কা,False
পূর্ব,পূর্ব,পূর্ব,পূর্ব,True
পদগুলোতে,পদ+গুলো+তে,পদ,পদ,True
পথে,পথ+ে,পথ,পথ,True
পথশিশুদের,পথ+শিশু+দের,পথ,পথশিশু,False
পক্ষে,পক্ষ+ে,পক্ষ,পক্ষ,True
পলাশ,পলাশ,পলাশ,পলাশ,True
পল্লীতথ্য,পল্লী+তথ্য,পল্লী,পল্লীতথ্য,False
পরীক্ষার্থী,পরীক্ষা+র্থী,পরীক্ষা,পরীক্ষার্থী,False
পরোয়ানায়,পরোয়ানা+য়,পরোয়ানা,পরোয়ানায়,False
পরিষদই,পরিষদ+ই,পরিষদ,ষদ,False
পরিসংখ্যানটার,পরি+সংখ্যা+ন+টা+র,সংখ্যা,সংখ্যান,False
পরিস্থিতি,পরি+স্থিতি,স্থিতি,স্থিতি,True
পরিচিতিমূলক,পরিচিত+ি+মূলক,পরিচিত,চিতিমূলক,False
পরিচয়ে,পরিচয়+ে,পরিচয়,চয়,False
পরিদর্শকের,পরি+দর্শক+ের,দর্শক,দর্শক,True
পরস্পরবিরোধী,পরস্পর+বি+রোধ+ী,পরস্পর,পরস্পরবিরোধী,False
পর্যটনকেন্দ্র,পর্যটন+কেন্দ্র,পর্যটন,পর্যটনকেন্দ্র,False
পর্নোদৃশ্য,পর্নো+দৃশ্য,পর্নো,পর্নোদৃশ্য,False
পশলা,পশলা,পশলা,পশলা,True
প্যান্ট,প্যান্ট,প্যান্ট,প্যান্ট,True
প্লেন,প্লেন,প্লেন,প্,False
প্রাণনাশ,প্রাণ+নাশ,প্রাণ,প্রাণনাশ,False
প্রান্তিকের,প্রান্তিক+ের,প্রান্তিক,প্রান্তিক,True
প্রাপকের,প্রাপক+ের,প্রাপক,প্রাপক,True
প্রতিষ্ঠাবার্ষিকী,প্রতিষ্ঠা+বার্ষিক+ী,প্রতিষ্ঠা,ষ্ঠাবার্ষিকী,False
প্রতিবেদন,প্রতিবেদন,প্রতিবেদন,বেদন,False
প্রতিদানও,প্রতি+দান+ও,দান,দান,True
প্রতিযোগীকে,"প্রতিযোগ+ী+কে, প্রতি+যোগ+ী+কে",প্রতিযোগ,যোগী,False
প্রতিযোগিতাশীলতা,"1 প্রতিযোগ+ি+তা+শীল+তা, প্রতিযোগ+ী+তা+শীল+তা",1 প্রতিযোগ,যোগিতাশীলতা,False
প্রতিক্রিয়াকে,প্রতি+ক্রিয়া+কে,ক্রিয়া,ক্রিয়া,True
প্রতিলিপি,প্রতি+লিপি,লিপি,লিপি,True
প্রতিমন্ত্রীরা,প্রতি+মন্ত্রী+রা,মন্ত্রী,মন্ত্রী,True
প্রত্যাশার,প্রত্যাশা+র,প্রত্যাশা,প্রত্যাশা,True
প্রবেশদ্বার,প্রবেশ+দ্বার,প্রবেশ,প্রবেশদ্বা,False
প্রবহমান,প্র+বহ+মান,প্র,প্রবহ,False
প্রবলবেগে,প্র+বল+বেগ+ে,প্র,প্রবলবেগ,False
প্রচার,"প্রচার, প্র+চার",প্রচার,প্রচা,False
প্রচারণা,প্রচার+ণ+া,প্রচার,প্রচারণা,False
প্রচারণায়,প্রচার+ণ+া+য়,প্রচার,প্রচারণায়,False
প্রদর্শনী,প্র+দর্শন+ী,প্র,প্রদর্শনী,False
প্রকারান্তে,প্র+কারান্ত+ে,প্র,প্রকারান্,False
প্রকাশকরাই,প্রকাশ+ক+রা+ই,প্রকাশ,প্রকাশকরা,False
প্রক্রিয়া,"প্র+ক্রিয়া, প্রক্রিয়া",প্র,প্রক্রিয়া,False
প্রক্রিয়াজাতকরণে,"প্র+ক্রিয়া+জাত+করণ+ে, প্রক্রিয়া+জাত+করণ+ে",প্র,প্রক্রিয়াজাতকরণ,False
প্রমুখকেও,"প্র+মুখ+কে+ও, প্রমুখ+কে+ও",প্র,প্রমুখ,False
প্ররক্ষা,প্র+রক্ষা,প্র,প্ররক্ষা,False
রাষ্ট্র,রাষ্ট্র,রাষ্ট্র,রাষ্ট্র,True
রাজসভা,রাজ+সভা,রাজ,রাজসভা,False
রাজনগরের,রাজ+নগর+ের,রাজ,রাজনগর,False
রাখব,রাখ+ব,রাখ,রাখব,False
রাস্তায়ই,রাস্তা+য়+ই,রাস্তা,রাস্তায়,False
রাহুমুক্ত,রাহু+মুক্ত,রাহু,রাহুমুক্ত,False
রানক্ষুধাও,রান+ক্ষুধা+ও,রান,রানক্ষুধা,False
রাঙামাটিতে,"রাঙা+মাটি+তে, রাঙামাটি+তে",রাঙা,রাঙামা,False
রোজ,রোজ,রোজ,রোজ,True
রোববার,রোব+বার,রোব,রোববা,False
রোদঝলমলে,রোদ+ঝলমল+ে,রোদ,রোদঝলমল,False
রোগে,রোগ+ে,রোগ,রোগ,True
রোপণের,রোপণ+ের,রোপণ,রোপণ,True
রেসিপি,রেসিপি,রেসিপি,রেসিপি,True
রেস্তোরাঁগুলোয়,রেস্তোরাঁ+গুলো+য়,রেস্তোরাঁ,রেস্তোরাঁগুলোয়,False
রিভিউয়ের,"রি+ভিউ+য়ের, রিভিউ+য়ের",রি,রিভিউয়,False
রিজার্ভে,রিজার্ভ+ে,রিজার্ভ,রিজার্ভ,True
রিকশাচালক,রিকশা+চালক,রিকশা,রিকশাচালক,False
রিকশারোহী,"1 রিকশা+রোহী, রিকশা+আরোহী",1 রিকশা,রিকশারোহী,False
রুক্ষ,রুক্ষ,রুক্ষ,রুক্ষ,True
রগকাটা,রগ+কাট+া,রগ,রগকা,False
রক্তদহ,রক্ত+দহ,রক্ত,রক্তদহ,False
শাসক,শাসক,শাসক,শাসক,True
শাসনভার,শাসন+ভার,শাসন,শাসনভা,False
শাসনবহির্ভূর্ত,শাসন+বহির্ভূর্ত,শাসন,শাসনবহির্ভূর্ত,False
শান্তি,শান্ত+ি,শান্ত,শান্তি,False
শান্তিরক্ষীদের,শান্তি+রক্ষ+ী+দের,শান্তি,শান্তিরক্ষী,False
শেষ,শেষ,শেষ,শেষ,True
শেয়ালে,শেয়াল+ে,শেয়াল,শেয়ালে,False
শিখা,শিখা,শিখা,শিখা,True
শিখরে,শিখর+ে,শিখর,শিখর,True
শিডিউলগুলো,শিডিউল+গুলো,শিডিউল,শিডিউল,True
শিবিরকে,শিবির+কে,শিবির,শিবি,False
শিক্ষাবিদরা,শিক্ষা+বিদ+রা,শিক্ষা,শিক্ষাবিদ,False
শিল্পোত্তীর্ণ,"1 শিল্প+োত্তীর্ণ, শিল্প+উত্তীর্ণ",1 শিল্প,শিল্পোত্তীর্ণ,False
শিশু,শিশু,শিশু,শিশু,True
শিশুর,শিশু+র,শিশু,শিশুর,False
শুটার,শুট+ার,শুট,শুটা,False
শক্তি,শক্ত+ি,শক্ত,শক্তি,False
শক্তিশালী,শক্ত+ি+শালী,শক্ত,শক্তিশালী,False
শরীফ,শরীফ,শরীফ,শরীফ,True
শরীরে,শরীর+ে,শরীর,শরীর,True
শশুরবাড়ি,শশুর+বাড়ি,শশুর,শশুরবাড়ি,False
শ্বেত,শ্বেত,শ্বেত,শ্বেত,True
শ্রেণীর,শ্রেণী+র,শ্রেণী,শ্রেণীর,False
শ্রমিকসহ,শ্রম+িক+সহ,শ্রম,শ্রমিকসহ,False
শ্রমবিষয়ক,শ্রম+বিষয়+ক,শ্রম,শ্রমবিষয়ক,False
টাস্ক,টাস্ক,টাস্ক,টাস্ক,True
টানবাজার,টান+বাজার,টান,টানবাজা,False
টাঙিয়ে,টাঙ+িয়ে,টাঙ,টাঙা,False
টাউন,টাউন,টাউন,টাউন,True
টেস্ট,টেস্ট,টেস্ট,টেস্ট,True
টেম্পো,টেম্পো,টেম্পো,টেম্পো,True
টেনেই,"1 টেন+ে+ই, টান+ে+ই",1 টেন,টান,False
টিকতে,টিক+তে,টিক,টিক,True
টিনএজারদের,টিনএজ+ার+দের,টিনএজ,টিনএজার,False
ট্যাক্সিক্যাব,ট্যাক্সি+ক্যাব,ট্যাক্সি,ট্যাক্সিক্যাব,False
ট্রাকই,ট্রাক+ই,ট্রাক,ট্রাক,True
ট্রেনেই,ট্রেন+ে+ই,ট্রেন,ট্রেন,True
উতলা,উতল+া,উতল,উতলা,False
উত্সাহ,উত্সাহ,উত্সাহ,উত্সাহ,True
উত্তর,উত্তর,উত্তর,উত্তর,True
উচ্ছ্বাস,উচ্ছ্বাস,উচ্ছ্বাস,উচ্ছ্বাস,True
উচ্চারণই,উচ্চারণ+ই,উচ্চারণ,উচ্চারণ,True
উল্লেখযোগ্যভাবে,উল্লেখ+যোগ্য+ভাব+ে,উল্লেখ,উল্লেখযোগ্যভাবে,False
উন্নয়নের,উন্নয়ন+ের,উন্নয়ন,উন্নয়ন,True
উপায়,উপায়,উপায়,উপায়,True
উপরিস্থ,উপর+ি+স্থ,উপর,রিস্থ,False
ঝুলছেই,"ঝুল+ছে+ই, ঝুল+ছ+ে+ই",ঝুল,ঝুল,True
ঠেকানোর,ঠেকা+নো+র,ঠেকা,ঠেকানোর,False
ঊধ্বর্তন, ঊধ্বর্তন,ঊধ্বর্তন,ঊধ্বর্তন,True
ঊরু,ঊরু,ঊরু,ঊরু,True
ঊটের,ঊট+ের,ঊট,ঊট,True
ঋণাত্মকে,"1 ঋণাত্মক+ে, ঋণ+াত্মক+ে, ঋণ+আত্মক+ে",1 ঋণাত্মক,ঋণাত্ম,False
ঋণদানকারী,ঋণ+দান+কার+ী,ঋণ,ঋণদানকারী,False
ঋণগ্রহীতা,ঋণ+গ্রহীতা,ঋণ,ঋণগ্রহীতা,False
ঋণপ্রবাহের,ঋণ+প্রবাহ+ের,ঋণ,ঋণপ্রবাহ,False
ঔদ্ধত্য,ঔদ্ধত্য,ঔদ্ধত্য,ঔদ্ধত্য,True
আছেতা,আছে+তা,আছে,আছেতা,False
আছেন,আছ+ে+ন,আছ,আছ,True
আধাসরকারি,আধা+সরকার+ি,আধা,আধাসরকারি,False
আধমরা,"আধ+মর+া, আধ+মরা",আধ,আধম,False
আঘাত,"আঘাত, আ+ঘাত",আঘাত,আঘাত,True
আফ্রিকানকে,আফ্রিকা+ন+কে,আফ্রিকা,আফ্রিকান,False
আফ্রিকারও,আফ্রিকা+র+ও,আফ্রিকা,আফ্রিকা,True
আসামি,আসামি,আসামি,আসামি,True
আসব,আস+ব,আস,আসব,False
আসবেন,"আস+ব+ে+ন, আস+ব+েন",আস,আস,True
আসরের,আসর+ের,আসর,আসর,True
আতিশয্যে,আতিশয্য+ে,আতিশয্য,আতিশয্য,True
আত্মীয়কে,আত্ম+ীয়+কে,আত্ম,আত্মীয়,False
আত্মদান,আত্ম+দান,আত্ম,আত্মদান,False
আত্মনির্ভরশীল,আত্ম+নির্ভর+শীল,আত্ম,আত্মনির্ভর,False
আড্ডাই,আড্ডা+ই,আড্ডা,আড্ডা,True
আবাহনী,আবাহন+ী,আবাহন,আবাহনী,False
আবাল্যের,আ+বাল্য+ের,আ,আবাল্য,False
আবেদন,আবেদন,আবেদন,আবেদন,True
আবেগ,আবেগ,আবেগ,আবেগ,True
আবেগে,আবেগ+ে,আবেগ,আবেগ,True
আবদারের,আবদার+ের,আবদার,আবদার,True
আবহাওয়াটাও,"আব+হাওয়া+টা+ও, আবহাওয়া+টা+ও",আব,আবহাওয়াটাও,False
আব্বাও,আব্বা+ও,আব্বা,আব্বা,True
আচমকাই,আ+চমক+া+ই,আ,আচমকা,False
আচরণকেও,আচরণ+কে+ও,আচরণ,আচরণ,True
আদর্শনগর,আদর্শ+নগর,আদর্শ,আদর্শনগর,False
আগামীকালের,"আগাম+ী+কাল+ের, আ+গাম+ী+কাল+ের",আগাম,আগামীকাল,False
আগুন,আগুন,আগুন,আগুন,True
আগমনে,আ+গমন+ে,আ,আগমন,False
আগ্রাসন,আ+গ্রাস+ন,আ,আগ্রাসন,False
আগ্রহ,আগ্রহ,আগ্রহ,আগ্রহ,True
আগ্রহও,আগ্রহ+ও,আগ্রহ,আগ্রহ,True
আহতদেরও,"আ+হত+দের+ও, আহত+দের+ও",আ,আহত,False
আইডিয়া,আইডিয়া,আইডিয়া,আইডিয়া,True
আইনবিরোধী,আইন+বি+রোধ+ী,আইন,আইনবিরোধী,False
আইনই,আইন+ই,আইন,আইনই,False
আকাল,আ+কাল,আ,আকাল,False
আকারভেদে,আকার+ভেদ+ে,আকার,আকারভেদ,False
আকারে,আকার+ে,আকার,আকা,False
আকাশ,আকাশ,আকাশ,আকাশ,True
আকাশচুম্বী,আকাশ+চুম্ব+ী,আকাশ,আকাশচুম্বী,False
আকাশরেল,আকাশ+রেল,আকাশ,আকাশরেল,False
আক্রমণে,আক্রমণ+ে,আক্রমণ,আক্রমণ,True
আলীম,আলীম,আলীম,আলীম,True
আলোচনাক্রমে,আলোচনা+ক্রম+ে,আলোচনা,আলোচনাক্রম,False
আলোকসজ্জার,আলোক+সজ্জা+র,আলোক,আলোকসজ্জা,False
আলোড়িত,আলোড়িত,আলোড়িত,আলোড়িত,True
আলুপট্টিসহ,আলু+পট্টি+সহ,আলু,আলুপট্টিসহ,False
আমাশয়,"আম+াশয়, আমাশয়",আম,আমাশয়,False
আমেরিকা,আমেরিকা,আমেরিকা,আমেরিকা,True
আমদানি,আমদানি,আমদানি,আমদানি,True
আমলায়,আমলা+য়,আমলা,আমলায়,False
আম্বরখানায়,আম্বর+খানা+য়,আম্বর,আম্বরখানায়,False
আনেনি,আন+ে+নি,আন,আনেনি,False
আনিতে,আন+িত+ে,আন,আনি,False
আনলেন,"আন+ল+েন, আন+ল+ে+ন",আন,আন,True
আনন্দ,আনন্দ,আনন্দ,আনন্দ,True
আনন্দোল্লাসে,"1 আনন্দ+োল্লাস+ে, আনন্দ+উল্লাস+ে",1 আনন্দ,আনন্দোল্লাস,False
আন্দোলিত,"1 আন্দোলিত, আন্দোলন+িত",1 আন্দোলিত,আন্দোলিত,False
আন্দোলন,আন্দোলন,আন্দোলন,আন্দোলন,True
আওয়ামীবিরোধী,আওয়ামী+বি+রোধ+ী,আওয়ামী,আওয়ামীবিরোধী,False
আপনাদের,আপন+া+দের,আপন,আপনাদের,False
আপনজন,আপন+জন,আপন,আপনজন,False
আপনমনে,আপন+মন+ে,আপন,আপনমন,False
আরাধনায়,আরাধনা+য়,আরাধনা,আরাধনায়,False
আরেকজনকে,আর+েক+জন+কে,আর,আরেকজন,False
আরেকটি,আর+েক+টি,আর,আরেক,False
আর্সেনিকে,আর্সেনিক+ে,আর্সেনিক,আর্সেনি,False
আর্থিকভাবেই,"1 আর্থ+িক+ভাব+ে+ই, অর্থ+িক+ভাব+ে+ই",1 আর্থ,আর্থিকভাব,False
আর্কাইভের,আর্কাইভ+ের,আর্কাইভ,আর্কাইভ,True
আশাহীন,আশা+হীন,আশা,আশাহীন,False
আশির,আশি+র,আশি,আশি,True
আশঙ্কাজনক,আ+শঙ্কা+জনক,আ,আশঙ্কা,False
আশঙ্কাও,আ+শঙ্কা+ও,আ,আশঙ্কা,False
আটকাতে,আটক+া+তে,আটক,আটকা,False
আটটি,আট+টি,আট,আট,True
আয়তাকার,"1 আয়ত+াকার, আয়ত+আকার",1 আয়ত,আয়তাকা,False
আড়াইহাজারের,আড়াই+হাজার+ের,আড়াই,আড়াইহাজার,False
আংশিক,"1 আংশ+িক, অংশ+িক",1 আংশ,আংশিক,False
ভীষণভাবেই,ভীষণ+ভাব+ে+ই,ভীষণ,ভীষণভাব,False
ভীতি,ভীত+ি,ভীত,ভীতি,False
ভাষণে,ভাষণ+ে,ভাষণ,ভাষণ,True
ভাত,ভাত,ভাত,ভাত,True
ভাবধারার,ভাব+ধারা+র,ভাব,ভাবধারা,False
ভাবমূূর্তি,ভাব+মূূর্তি,ভাব,ভাবমূূর্তি,False
ভাবনাটা,"ভাবনা+টা, ভাবন+া+টা",ভাবনা,ভাবনা,True
ভাবনায়,"ভাবনা+য়, ভাব+না+য়",ভাবনা,ভাবনায়,False
ভাগ,ভাগ,ভাগ,ভাগ,True
ভাই,ভাই,ভাই,ভাই,True
ভাইবোনেরা,ভাই+বোন+েরা,ভাই,ভাইবোন,False
ভাইরাসে,ভাইরাস+ে,ভাইরাস,ভাইরাস,True
ভাইটির,ভাই+টি+র,ভাই,ভাই,True
ভালবাসাগুলো,ভাল+বাসা+গুলো,ভাল,ভালবাসা,False
ভারত,ভারত,ভারত,ভারত,True
ভারটাও,ভার+টা+ও,ভার,ভার,True
ভেদে,ভেদ+ে,ভেদ,ভেদে,False
ভেন,ভেন,ভেন,ভেন,True
ভেন্যু,ভেন্যু,ভেন্যু,ভেন্যু,True
ভেড়া,ভেড়া,ভেড়া,ভেড়া,True
ভেড়ামারা,ভেড়া+মার+া,ভেড়া,ভেড়ামা,False
ভিসা,ভিসা,ভিসা,ভিসা,True
ভিত্তিতে,ভিত্তি+তে,ভিত্তি,ভিত্তি,True
ভিকটিম,ভিকটিম,ভিকটিম,ভিকটিম,True
ভিক্ষোভের,ভি+ক্ষোভ+ের,ভি,ভিক্ষোভ,False
ভিক্ষুকদের,ভিক্ষুক+দের,ভিক্ষুক,ভিক্ষুক,True
ভিন,ভিন,ভিন,ভিন,True
ভিড়ের,ভিড়+ের,ভিড়,ভিড়,True
ভোগ,ভোগ,ভোগ,ভোগ,True
ভোগান্তিই,ভোগান্তি+ই,ভোগান্তি,ভোগান্তি,True
ভোগে,ভোগ+ে,ভোগ,ভোগ,True
ভোলারও,ভোল+া+র+ও,ভোল,ভোলা,False
ভোলেনি,ভোল+ে+নি,ভোল,ভোলেনি,False
ভোলেননি,"ভোল+েন+নি, ভোল+ে+ন+নি",ভোল,ভোলেননি,False
ভোটব্যাংকের,ভোট+ব্যাংক+ের,ভোট,ভোটব্যাংক,False
ভুগেছে,"ভুগ+ে+ছ+ে, ভুগ+েছে, ভুগ+ে+ছে",ভুগ,ভুগ,True
ভুগবে,ভুগ+ব+ে,ভুগ,ভুগব,False
ভুক্তভোগী,ভুক্ত+ভোগ+ী,ভুক্ত,ভুক্তভোগী,False
ভূঁইফোড়,ভূঁই+ফোড়,ভূঁই,ভূঁইফোড়,False
ভূকম্পন,ভূ+কম্প+ন,ভূ,ভূকম্পন,False
ভূলুণ্ঠিত,ভূ+লুণ্ঠিত,ভূ,ভূলুণ্ঠিত,False
ভূমি,ভূমি,ভূমি,ভূমি,True
ভূমিদস্যু,ভূমি+দস্যু,ভূমি,ভূমিদস্যু,False
ভূমিহীনপল্লীতে,ভূমি+হীন+পল্লী+তে,ভূমি,ভূমিহীনপল্লী,False
ভূমিকাতেই,ভূমিকা+তে+ই,ভূমিকা,ভূমিকা,True
ভূমিও,ভূমি+ও,ভূমি,ভূমি,True
ভবিষ্যদ্বাণীর,"1 ভবিষ্যদ+বাণী+র, ভবিষ্যদ্+বাণী+র",1 ভবিষ্যদ,ভবিষ্যদ্বাণীর,False
ভরিয়ে,"ভর+ি+য়ে, ভর+িয়ে",ভর,ভরা,False
ভরণপোষণ,ভরণ+পোষণ,ভরণ,ভরণপোষণ,False
ভরসা,ভরসা,ভরসা,ভরসা,True
ভ্রাতৃত্বসুলভ,ভ্রাতৃ+ত্ব+সুলভ,ভ্রাতৃ,ভ্রাতৃত্বসুলভ,False
ভ্রান্তি,ভ্রান্ত+ি,ভ্রান্ত,ভ্রান্তি,False
ছাত্রীও,ছাত্র+ী+ও,ছাত্র,ছাত্রী,False
ছাত্রকে,ছাত্র+কে,ছাত্র,ছাত্র,True
ছাদে,ছাদ+ে,ছাদ,ছাদ,True
ছেদক,ছেদ+ক,ছেদ,ছেদক,False
ছেলেসহ,ছেলে+সহ,ছেলে,ছেলেসহ,False
ছেলেটার,ছেলে+টা+র,ছেলে,ছেলে,True
ছেপে,"1 ছেপ+ে, ছাপ+ে",1 ছেপ,ছাপ,False
ছিল,ছিল,ছিল,ছিল,True
ছিলো,ছিল+ো,ছিল,ছিলো,False
ছিপিটাই,ছিপি+টা+ই,ছিপি,ছিপি,True
ছুঁয়েছেন,"ছুঁ+য়েছ+েন, ছুঁ+য়ে+ছ+েন, ছুঁ+য়েছ+েন, ছুঁ+য়ে+ছ+ে+ন",ছুঁ,ছুঁ,True
ছুরিকাঘাতে,ছুরি+কা+ঘাত+ে,ছুরি,ছুরিকাঘা,False
ছুড়ে,ছুড়+ে,ছুড়,ছুড়,True
ছয়জন,ছয়+জন,ছয়,ছয়জন,False
ছয়টি,ছয়+টি,ছয়,ছয়,True
ছড়াবে,"ছড়+া+ব+ে, ছড়+া+বে",ছড়,ছড়াব,False
ছড়িয়েছে,"ছড়+িয়ে+ছ+ে, ছড়+িয়ে+ছে",ছড়,ছড়,True
ধঁাধা,ধঁাধা,ধঁাধা,ধঁাধা,True
ধঁাধাই,ধঁাধা+ই,ধঁাধা,ধঁাধা,True
ধারাবাহিকতা,ধারা+বাহ+িক+তা,ধারা,ধারাবাহিকতা,False
ধারাল,ধারাল,ধারাল,ধারাল,True
ধারণাই,ধারণা+ই,ধারণা,ধারণা,True
ধারণায়,ধারণা+য়,ধারণা,ধারণায়,False
ধার্মিক,"1 ধার্ম+িক, ধর্ম+িক",1 ধার্ম,ধার্মিক,False
ধোয়া,ধোয়া,ধোয়া,ধোয়া,True
ধসের,ধস+ের,ধস,ধস,True
ধুঁকে,ধুঁক+ে,ধুঁক,ধুঁ,False
ধুয়েমুছে,ধু+য়ে+মুছ+ে,ধু,ধুয়েমু,False
ধনী,ধনী,ধনী,ধনী,True
ধনেপাতা,ধনে+পাতা,ধনে,ধনেপাতা,False
ধর্ম,ধর্ম,ধর্ম,ধর্ম,True
ধর্মাবলম্বী,"1 ধর্ম+াবলম্বী, ধর্ম+অবলম্বী",1 ধর্ম,ধর্মাবলম্বী,False
ধর্মভিত্তিকে,ধর্ম+ভিত্তি+কে,ধর্ম,ধর্মভিত্তি,False
ধর্মদাসা,ধর্ম+দাসা,ধর্ম,ধর্মদাসা,False
ধর্মহীন,ধর্ম+হীন,ধর্ম,ধর্মহীন,False
ধর্মপুস্তক,ধর্ম+পুস্তক,ধর্ম,ধর্মপুস্তক,False
ঘাঁটিতেও,ঘাঁটি+তে+ও,ঘাঁটি,ঘাঁ,False
ঘাসচত্বরে,ঘাস+চত্বর+ে,ঘাস,ঘাসচত্বর,False
ঘাসই,ঘাস+ই,ঘাস,ঘাস,True
ঘাতকে,ঘাত+কে,ঘাত,ঘাত,True
ঘাটতির,ঘাটতি+র,ঘাটতি,ঘাটতি,True
ঘেঁষে,ঘেঁষে,ঘেঁষে,ঘেঁষে,True
ঘুচিয়ে,ঘুচ+িয়ে,ঘুচ,ঘুচা,False
ঘুমবিজ্ঞানী,ঘুম+বি+জ্ঞান+ী,ঘুম,ঘুমবিজ্ঞানী,False
ঘরদোরহীন,ঘর+দোর+হীন,ঘর,ঘরদোরহীন,False
ঘটছে,ঘট+ছে,ঘট,ঘট,True
ঘটে,ঘট+ে,ঘট,ঘট,True
ঘড়ির,ঘড়ি+র,ঘড়ি,ঘড়ি,True
জীবিতরা,"জীবিত+রা, জীব+িত+রা",জীবিত,জীবিত,True
জীববিজ্ঞান,জীব+বি+জ্ঞান,জীব,জীববিজ্ঞান,False
জীবন,জীবন,জীবন,জীবন,True
জীবনকে,জীবন+কে,জীবন,জীবন,True
জাতীয়সহ,জাত+ীয়+সহ,জাত,জাতীয়সহ,False
জাতীয়তাবোধ,জাত+ীয়+তা+বোধ,জাত,জাতীয়তাবোধ,False
জাতিসংঘ,জাত+ি+সংঘ,জাত,জাতিসংঘ,False
জাহাজকে,জাহাজ+কে,জাহাজ,জাহাজ,True
জানাতাম,"জান+া+ত+াম, জান+া+তা+ম",জান,জানাতাম,False
জানাব,জান+া+ব,জান,জানাব,False
জানাবেন,"জান+া+ব+েন, জান+া+ব+ে+ন",জান,জানা,False
জানাচ্ছি,জান+া+চ্ছ+ি,জান,জান,True
জানারও,জান+া+র+ও,জান,জানা,False
জানত,জানত,জানত,জানত,True
জার্নালের,জার্নাল+ের,জার্নাল,জার্নাল,True
জায়গাজমির,জায়গা+জমি+র,জায়গা,জায়গাজমি,False
জেলাগুলোর,জেলা+গুলো+র,জেলা,জেলা,True
জিজ্ঞাসাদের,জিজ্ঞাসা+দের,জিজ্ঞাসা,জিজ্ঞাসা,True
জিমন্যাসিয়াম,জিমন্যাসিয়াম,জিমন্যাসিয়াম,জিমন্যাসিয়াম,True
জিনিসই,জিনিস+ই,জিনিস,জিন,False
জোন,জোন,জোন,জোন,True
জোরেই,জোর+ে+ই,জোর,জোর,True
জোরদার,"জোর+দার, জোরদার",জোর,জোরদা,False
জোটগত,জোট+গত,জোট,জোট,True
জোয়ারের,জোয়ার+ের,জোয়ার,জোয়ার,True
জুলাই,জুলাই,জুলাই,জুলা,False
জুনিয়র,জুনিয়র,জুনিয়র,জুনিয়র,True
জুটসামগ্রী,জুট+সামগ্রী,জুট,জুটসামগ্রী,False
জুটমিলস,জুট+মিল+স,জুট,জুটমিলস,False
জুয়াড়িদের,জুয়াড়ি+দের,জুয়াড়ি,জুয়াড়ি,True
জবাবদিহি,জবাব+দিহি,জবাব,জবাবদিহি,False
জবরদস্তির,"জবরদস্তি+র, জবর+দস্তি+র",জবরদস্তি,জবরদস্তি,True
জগতের,জগত+ের,জগত,জগত,True
জগন্নাথ,জগন্নাথ,জগন্নাথ,জগন্নাথ,True
জমা,জমা,জমা,জমা,True
জমিদারবাড়ির,জমি+দার+বাড়ি+র,জমি,জমিদারবাড়ি,False
জমল,"জমল, জম+ল",জমল,জমল,True
জনস্বার্থে,জন+স্বার্থ+ে,জন,জনস্বার্থ,False
জনগণ,জন+গণ,জন,জনগণ,False
জনগোষ্ঠীর,জন+গোষ্ঠী+র,জন,জনগোষ্ঠীর,False
জনমত,জনমত,জনমত,জনমত,True
জন্মভূমি,জন্ম+ভূমি,জন্ম,জন্মভূমি,False
জন্মজয়ন্তীর,জন্ম+জয়ন্তী+র,জন্ম,জন্মজয়ন্তীর,False
জন্মতারিখের,জন্ম+তারিখ+ের,জন্ম,জন্মতারিখ,False
জন্মদিনের,জন্ম+দিন+ের,জন্ম,জন্মদিন,False
জঙ্গি,জঙ্গি,জঙ্গি,জঙ্গি,True
জঙ্গিগোষ্ঠীগুলো,জঙ্গি+গোষ্ঠী+গুলো,জঙ্গি,জঙ্গিগোষ্ঠী,False
জরিমানা,জরিমানা,জরিমানা,জরিমানা,True
জরিপগুলোর,জরিপ+গুলো+র,জরিপ,জরিপ,True
জয়টিকে,জয়+টি+কে,জয়,জয়,True
জ্ঞানকে,জ্ঞান+কে,জ্ঞান,জ্ঞান,True
জ্বালানিবিষয়ক,জ্বালানি+বিষয়ক,জ্বালানি,জ্বালানিবিষয়ক,False
জ্বালায়,জ্বাল+া+য়,জ্বাল,জ্বালায়,False
জ্বলেছে,"জ্বল+ে+ছে, জ্বল+ে+ছ+ে, জ্বল+েছ+ে",জ্বল,জ্বল,True
জ্যাম,জ্যাম,জ্যাম,জ্যাম,True
খঁুতগুলো,খঁুত+গুলো,খঁুত,খঁুত,True
খাতগুলোর,খাত+গুলো+র,খাত,খাত,True
খাদ্য,খাদ্য,খাদ্য,খাদ্য,True
খালাসের,খালাস+ের,খালাস,খালাস,True
খাওয়া,খা+ওয়া,খা,খাওয়া,False
খেলাটার,"খেলা+টা+র, খেল+া+টা+র",খেলা,খেলা,True
খেলছিল,"খেল+ছিল, খেল+ছ+িল, খেল+ছি+ল",খেল,খেল,True
খেলিয়েছে,"খেল+িয়ে+ছে, খেল+িয়ে+ছ+ে",খেল,খেল,True
খেললেন,"খেল+লে+ন, খেল+ল+েন",খেল,খেল,True
খেপে,খেপ+ে,খেপ,খেপে,False
খেয়াল,খেয়াল,খেয়াল,খেয়াল,True
খণ্ডযুদ্ধে,খণ্ড+যুদ্ধ+ে,খণ্ড,খণ্ডযুদ্ধ,False
খণ্ডকালীন,খণ্ড+কাল+ীন,খণ্ড,খণ্ডকালীন,False
খোঁপার,খোঁপা+র,খোঁপা,খোঁপা,True
খোঁড়াখুঁড়ি,খোঁড়া+খুঁড়ি,খোঁড়া,খোঁড়াখুঁড়ি,False
খোকা,খোকা,খোকা,খোকা,True
খোলাখুলিভাবে,খোলা+খুলি+ভাব+ে,খোলা,খোলাখুলিভাব,False
খুঁজছিলেন,"খুঁজ+ছি+ল+েন, খুঁজ+ছি+ল+ে+ন",খুঁজ,খুঁজ,True
খুঁড়িয়ে,খুঁড়+িয়ে,খুঁড়,খুঁড়া,False
খুব,খুব,খুব,খুব,True
খুদা,খুদা,খুদা,খুদা,True
খুললেও,খুল+লে+ও,খুল,খুলল,False
খুশিও,খুশি+ও,খুশি,খুশি,True
খনন,খনন,খনন,খনন,True
খন্দকার,খন্দকার,খন্দকার,খন্দকা,False
ণ্ডে,ণ্ডে,ণ্ডে,ণ্ড,False
ফঁাকফোকরে,ফঁাক+ফোকর+ে,ফঁাক,ফঁাকফো,False
ফাইনালিস্টের,ফাইনাল+িস্ট+ের,ফাইনাল,ফাইনালিস্ট,False
ফাইনালসহ,ফাইনালসহ,ফাইনালসহ,ফাইনালসহ,True
ফারাকের,ফারাক+ের,ফারাক,ফারাক,True
ফার্মটিতে,ফার্ম+টি+তে,ফার্ম,ফার্ম,True
ফাটল,ফাট+ল,ফাট,ফাটল,False
ফেলেই,ফেল+ে+ই,ফেল,ফেলে,False
ফেলো,ফেল+ো,ফেল,ফেলো,False
ফেলুন,ফেল+ুন,ফেল,ফেলুন,False
ফেলব,ফেল+ব,ফেল,ফেলব,False
ফেলল,ফেল+ল,ফেল,ফেলল,False
ফের,ফের,ফের,ফের,True
ফেরায়,ফের+া+য়,ফের,ফেরায়,False
ফিল্ডাররা,ফিল্ড+ার+রা,ফিল্ড,ফিল্ডা,False
ফিরলেন,"ফির+ল+েন, ফির+ল+ে+ন, ফির+লেন",ফির,ফির,True
ফিশিং,ফিশ+িং,ফিশ,ফিশিং,False
ফোঁটা,ফোঁটা,ফোঁটা,ফোঁ,False
ফোন,ফোন,ফোন,ফোন,True
ফুলে,ফুল+ে,ফুল,ফুল,True
ফুলঝুরি,ফুল+ঝুরি,ফুল,ফুলঝুরি,False
ফুটবল,"ফুট+বল, ফুটবল",ফুট,ফুটবল,False
ফরমুলা,ফরমুলা,ফরমুলা,ফরমুলা,True
ফরম্যাটেই,ফরম্যাট+ে+ই,ফরম্যাট,ফরম্যাট,True
ফর্মের,ফর্ম+ের,ফর্ম,ফর্ম,True
ফটকে,ফটকে,ফটকে,ফট,False
ফ্লাডলাইটের,ফ্লাড+লাইট+ের,ফ্লাড,ফ্লাডলাইট,False
ফ্লাইওভারসংক্রান্ত,ফ্লাই+ওভার+সংক্রান্ত,ফ্লাই,ফ্লাইওভারসংক্রা,False
ফ্রেম,ফ্রেম,ফ্রেম,ফ্রেম,True
সীমান্তবর্তী,"সীমান্ত+বর্তী, সীমান্ত+বর্ত+ী",সীমান্ত,সীমান্তবর্তী,False
সৌন্দর্য,সৌন্দর্য,সৌন্দর্য,সৌন্দর্য,True
সৌরভে,সৌরভ+ে,সৌরভ,সৌরভ,True
সৌরভকেই,সৌরভ+কে+ই,সৌরভ,সৌরভ,True
সাধারণের,সাধারণ+ের,সাধারণ,সাধারণ,True
সাধনা,সাধনা,সাধনা,সাধনা,True
সাফটাকে,সাফটা+কে,সাফটা,সাফ,False
সাবানের,সাবান+ের,সাবান,সাবান,True
সাবলেট,সাব+লেট,সাব,সাবলেট,False
সাবওয়ে,সাব+ওয়ে,সাব,সাবওয়,False
সাথীর,সাথী+র,সাথী,সাথীর,False
সাহায্যার্থে,"1 সাহায্য+ার্থ+ে, সাহায্য+অর্থ+ে",1 সাহায্য,সাহায্যার্থ,False
সাহায্যেই,সাহায্য+ে+ই,সাহায্য,সাহায্য,True
সাহিত্য,সাহিত্য,সাহিত্য,সাহিত্য,True
সাহসও,সাহস+ও,সাহস,সাহস,True
সাইক্লিস্টের,সাইক্লিস্ট+ের,সাইক্লিস্ট,সাইক্লিস্ট,True
সাইক্লোনের,সাইক্লোন+ের,সাইক্লোন,সাইক্লোন,True
সাইনবোর্ডটা,সাইন+বোর্ড+টা,সাইন,সাইনবোর্ড,False
সাক্ষীরাও,সাক্ষী+রা+ও,সাক্ষী,সাক্ষীরা,False
সালে,সাল+ে,সাল,সাল,True
সামগ্রী,সামগ্রী,সামগ্রী,সামগ্রী,True
সাময়িক,"1 সাময়+িক, সময়+িক",1 সাময়,সাময়িক,False
সাময়িকীটি,সাময়িক+ী+টি,সাময়িক,সাময়িকী,False
সাম্রাজ্যে,সাম্রাজ্য+ে,সাম্রাজ্য,সাম্রাজ্য,True
সাপ্তাহিক,"1 সপ্তাহ+িক, সাপ্তাহ+িক",1 সপ্তাহ,সাপ্তাহিক,False
সারাদেশে,সারা+দেশ+ে,সারা,সারাদেশ,False
সারসংক্ষেপে,সার+সংক্ষেপ+ে,সার,সারসংক্ষেপ,False
সার্ভিসের,সার্ভিস+ের,সার্ভিস,সার্ভিস,True
সার্জেন্টের,সার্জেন্ট+ের,সার্জেন্ট,সার্জেন্ট,True
সার্টিফিকেটে,সার্টিফিকেট+ে,সার্টিফিকেট,সার্টিফিকেট,True
সাংবাদিক,"1 সংবাদ+িক, সাংবাদ+িক",1 সংবাদ,সাংবাদিক,False
সাংবিধানিক,"1 সাংবিধান+িক, সংবিধান+িক",1 সাংবিধান,সাংবিধানিক,False
সভা,সভা,সভা,সভা,True
সভাপতিত্বে,সভা+পতি+ত্ব+ে,সভা,সভাপতিত্ব,False
সভ্য,সভ্য,সভ্য,সভ্য,True
সেতু,সেতু,সেতু,সেতু,True
সেঞ্চুরির,সেঞ্চুরি+র,সেঞ্চুরি,সেঞ্চুরি,True
সেবাচুক্তির,সেবা+চুক্তি+র,সেবা,সেবাচুক্তি,False
সেনাদলটি,সেনা+দল+টি,সেনা,সেনাদল,False
সেনাশাসক,সেনা+শাসক,সেনা,সেনাশাসক,False
সেশনটায়,সেশন+টা+য়,সেশন,সেশনটায়,False
সিনেমা,সিনেমা,সিনেমা,সিনেমা,True
সিনিয়র,সিনিয়র,সিনিয়র,সিনিয়র,True
সিপাহি,সিপাহি,সিপাহি,সিপাহি,True
সিরিজেই,সিরিজ+ে+ই,সিরিজ,সিরিজ,True
সিরিজটাকে,সিরিজ+টা+কে,সিরিজ,সিরিজ,True
সজীব,সজীব,সজীব,সজীব,True
সোজাসাপটা,সোজা+সাপটা,সোজা,সোজাসাপ,False
সোসাইটিকে,সোসাইটি+কে,সোসাইটি,সোসাই,False
সফলই,সফল+ই,সফল,সফল,True
সফরেই,সফর+ে+ই,সফর,সফর,True
সফরেও,সফর+ে+ও,সফর,সফর,True
সততার,সততা+র,সততা,সততা,True
সত্তর,সত্তর,সত্তর,সত্তর,True
সুষমা,সুষম+া,সুষম,সুষমা,False
সুসম্পর্ক,সু+সম্পর্ক,সু,সুসম্পর্ক,False
সুসংবাদ,সু+সংবাদ,সু,সুসংবাদ,False
সুস্পষ্টভাবেই,সু+স্পষ্ট+ভাব+ে+ই,সু,সুস্পষ্টভাব,False
সুবিধা,সুবিধা,সুবিধা,সুবিধা,True
সুদূরে,সু+দূর+ে,সু,সুদূর,False
সুলভ,সুলভ,সুলভ,সুলভ,True
সুন্নাহভিত্তিক,সুন্নাহ+ভিত্তিক,সুন্নাহ,সুন্নাহভিত্তিক,False
সুপরিচিত,সু+পরিচিত,সু,সুপরিচিত,False
সুরে,সুর+ে,সুর,সুর,True
সুশীল,সু+শীল,সু,সুশীল,False
সূত্রই,সূত্র+ই,সূত্র,সূত্র,True
সূত্রপাত,সূত্র+পাত,সূত্র,সূত্রপাত,False
সূচকটা,সূচক+টা,সূচক,সূচক,True
সূচনাই,সূচনা+ই,সূচনা,সূচনা,True
সঞ্চার,সঞ্চার,সঞ্চার,সঞ্চা,False
সঞ্চয়,সঞ্চয়,সঞ্চয়,সঞ্চয়,True
সঞ্চয়পত্রগুলোর,সঞ্চয়+পত্র+গুলো+র,সঞ্চয়,সঞ্চয়পত্র,False
সবার,সবা+র,সবা,সবা,True
সবজায়গায়ই,সব+জায়গায়+ই,সব,সবজায়গায়,False
সবজির,সবজি+র,সবজি,সবজি,True
সবকিছুতে,সব+কিছু+তে,সব,সবকিছু,False
সবকিছুতেই,সব+কিছু+তে+ই,সব,সবকিছু,False
সদস্য,সদস্য,সদস্য,সদস্য,True
সদস্যের,সদস্য+ের,সদস্য,সদস্য,True
সদস্যপদ,সদস্য+পদ,সদস্য,সদস্যপদ,False
সহাবস্থানের,"1 সহ+াবস্থান+ের, সহ+অবস্থান+ের",1 সহ,সহাবস্থান,False
সহসভাপতি,সহ+সভা+পতি,সহ,সহসভাপতি,False
সহকর্মীর,সহ+কর্ম+ী+র,সহ,সহকর্মীর,False
সহপাঠীরা,সহ+পাঠ+ী+রা,সহ,সহপাঠী,False
সকাল,সকাল,সকাল,সকাল,True
সমীক্ষাও,সমীক্ষা+ও,সমীক্ষা,সমীক্ষা,True
সমাজসেবক,"সমাজ+সেবক, সমাজ+সেব+ক",সমাজ,সমাজসেবক,False
সমাজতান্ত্রিক,"1 সমাজ+তান্ত্র+িক, সমাজ+তন্ত্র+িক",1 সমাজ,সমাজতান্ত্রিক,False
সমাজবাস্তবতার,সমাজ+বাস্তব+তা+র,সমাজ,সমাজবাস্তবতা,False
সমাবেশ,সমাবেশ,সমাবেশ,সমাবেশ,True
সমালোচনা,সমালোচনা,সমালোচনা,সমালোচনা,True
সমান্তরাল,সমান্তরাল,সমান্তরাল,সমান্তরাল,True
সমারোহই,"1 সম+ারোহ+ই, সম+আরোহ+ই",1 সম,সমারোহ,False
সমিতি,সমিতি,সমিতি,সমিতি,True
সমতলের,সমতল+ের,সমতল,তল,False
সমঅধিকার,1 সম+অধিকার,1 সম,অধিকা,False
সমবায়মন্ত্রী,সমবায়+মন্ত্রী,সমবায়,বায়মন্ত্রী,False
সমকক্ষ,"সমকক্ষ, সম+কক্ষ",সমকক্ষ,কক্ষ,False
সমর্থক,সমর্থক,সমর্থক,র্থক,False
সমর্থকধন্য,সমর্থক+ধন্য,সমর্থক,র্থকধন্য,False
সমর্থকদের,সমর্থক+দের,সমর্থক,র্থক,False
সময়মতোই,"সময়মতোই, সময়+মতো+ই",সময়মতোই,য়ম,False
সম্মানসূচক,সম্মান+সূচক,সম্মান,সম্মানসূচক,False
সম্মেলনটার,সম্মেলন+টা+র,সম্মেলন,সম্মেলন,True
সম্পত্তি,সম্পত্তি,সম্পত্তি,সম্পত্তি,True
সম্পদ,সম্পদ,সম্পদ,সম্পদ,True
সম্পদে,সম্পদ+ে,সম্পদ,সম্পদ,True
সম্প্রসারণ,সম্প্র+সারণ,সম্প্র,সম্প্রসারণ,False
সন্ধ্যা,সন্ধ্যা,সন্ধ্যা,সন্ধ্যা,True
সন্তানের,সন্তান+ের,সন্তান,সন্তান,True
সন্ত্রাসবাদীদের,সন্ত্রাস+বাদ+ী+দের,সন্ত্রাস,সন্ত্রাসবাদী,False
সন্ত্রাসবিরোধী,সন্ত্রাস+বি+রোধ+ী,সন্ত্রাস,সন্ত্রাসবিরোধী,False
সপ্তাহেরই,সপ্তাহ+ের+ই,সপ্তাহ,সপ্তাহ,True
সপ্তমী,সপ্তম+ী,সপ্তম,সপ্তমী,False
সঙ্গীত,সঙ্গীত,সঙ্গীত,সঙ্গীত,True
সঙ্গীতশিল্পী,সঙ্গীত+শিল্প+ী,সঙ্গীত,সঙ্গীতশিল্পী,False
সঙ্গীর,সঙ্গ+ী+র,সঙ্গ,সঙ্গীর,False
সঙ্কেতের,সঙ্কেত+ের,সঙ্কেত,সঙ্কেত,True
সরানো,সর+ান+ো,সর,সরানো,False
সরবরাহকারীর,সরবরাহ+কার+ী+র,সরবরাহ,সরবরাহকারীর,False
সরদার,সরদার,সরদার,সরদা,False
সরগরম,সরগরম,সরগরম,সরগরম,True
সরকার,সরকার,সরকার,সরকা,False
সরকারেরই,সরকার+ের+ই,সরকার,সরকার,True
সরকারপ্রধানই,সরকার+প্রধান+ই,সরকার,সরকারপ্রধান,False
সরলভাবে,সরল+ভাব+ে,সরল,সরলভাব,False
সর্বজনস্বীকৃত,সর্ব+জন+স্বীকৃত,সর্ব,সর্বজনস্বীকৃত,False
সর্বক্ষেত্রে,সর্ব+ক্ষেত্র+ে,সর্ব,সর্বক্ষেত্রে,False
সশস্ত্রবাহিনী,সশস্ত্র+বাহিনী,সশস্ত্র,সশস্ত্রবাহিনী,False
সড়ক,সড়ক,সড়ক,সড়ক,True
সংঘাতের,সংঘাত+ের,সংঘাত,ঘাত,False
সংঘর্ষ,সংঘর্ষ,সংঘর্ষ,ঘর্ষ,False
সংখ্যাগরিষ্ঠতার,সংখ্যা+গরিষ্ঠ+তা+র,সংখ্যা,খ্যাগরিষ্ঠতা,False
সংখ্যাই,সংখ্যা+ই,সংখ্যা,খ্যা,False
সংসদ,সংসদ,সংসদ,সদ,False
সংসদে,সংসদ+ে,সংসদ,সদ,False
সংস্থাগুলোও,সংস্থা+গুলো+ও,সংস্থা,স্থা,False
সংস্করণ,সংস্করণ,সংস্করণ,স্করণ,False
সংবাদপত্রগুলো,সংবাদ+পত্র+গুলো,সংবাদ,বাদপত্র,False
সংবাদপত্রকে,সংবাদ+পত্র+কে,সংবাদ,বাদপত্র,False
সংবেদনশীলতার,সংবেদন+শীল+তার,সংবেদন,বেদনশীলতা,False
সংবিধানকে,সংবিধান+কে,সংবিধান,বিধান,False
সংবিধানপরিপন্থী,সংবিধান+পরি+পন্থী,সংবিধান,বিধানপরিপন্থী,False
সংবলিত,সংবলিত,সংবলিত,বলিত,False
সংগঠনবিরোধী,সংগঠন+বি+রোধ+ী,সংগঠন,গঠনবিরোধী,False
সংগঠনগুলোসহ,সংগঠন+গুলো+সহ,সংগঠন,গঠনগুলোসহ,False
সংযুক্তভাবে,সং+যুক্ত+ভাব+ে,যুক্ত,যুক্তভাব,False
সংকেতপ্রাপ্তির,সংকেত+প্রাপ্ত+ি+র,সংকেত,কেতপ্রাপ্তি,False
সংকলনও,সংকলন+ও,সংকলন,কলন,False
সংকটজনক,সংকট+জনক,সংকট,কট,False
সংলাপ,সংলাপ,সংলাপ,লাপ,False
সংলগ্ন,সংলগ্ন,সংলগ্ন,লগ্ন,False
স্ত্রী,স্ত্রী,স্ত্রী,স্ত্রী,True
স্বীকারোত্তিমূলক,"1 স্বীকার+োত্তি+মূলক, স্বীকার+উত্তি+মূলক",1 স্বীকার,স্বীকারোত্তিমূলক,False
স্বীকারই,স্বীকার+ই,স্বীকার,স্বীকা,False
স্বাধীনতা,"1 স্ব+অধীনতা, স্ব+াধীনতা",1 স্ব,স্বাধীনতা,False
স্বাস্থ্যকেন্দ্রে,স্বাস্থ্য+কেন্দ্র+ে,স্বাস্থ্য,স্বাস্থ্যকেন্দ্রে,False
স্বাক্ষরযুক্ত,স্বাক্ষর+যুক্ত,স্বাক্ষর,স্বাক্ষরযুক্ত,False
স্বামী,স্বামী,স্বামী,স্বামী,True
স্বজনেরাও,স্ব+জন+েরা+ও,স্ব,স্বজনেরা,False
স্বজনপ্রীতি,স্ব+জন+প্রীতি,স্ব,স্বজনপ্রীতি,False
স্বস্তিও,স্বস্তি+ও,স্বস্তি,স্বস্তি,True
স্বদেশী,স্ব+দেশ+ী,স্ব,স্বদেশী,False
স্বদেশীকে,স্ব+দেশ+ী+কে,স্ব,স্বদেশী,False
স্বল্পস্থায়ী,স্বল্প+স্থায়ী,স্বল্প,স্বল্পস্থায়ী,False
স্বর্ণাক্ষরেই,"1 স্বর্ণ+অক্ষর+ে+ই, স্বর্ণ+াক্ষর+ে+ই",1 স্বর্ণ,স্বর্ণাক্ষর,False
স্বর্ণালঙ্কার,"1 স্বর্ণ+অলঙ্কার, স্বর্ণ+ালঙ্কার",1 স্বর্ণ,স্বর্ণালঙ্কা,False
স্বর্ণযুগ,স্বর্ণ+যুগ,স্বর্ণ,স্বর্ণযুগ,False
স্বর্গের,স্বর্গ+ের,স্বর্গ,স্বর্গ,True
স্থাপনাটি,স্থাপনা+টি,স্থাপনা,স্থাপনা,True
স্কোরেই,স্কোর+ে+ই,স্কোর,স্কোর,True
স্কোরটা,স্কোর+টা,স্কোর,স্কোর,True
স্কুল,স্কুল,স্কুল,স্কুল,True
স্লিপ,স্লিপ,স্লিপ,স্লিপ,True
স্মায়ুতন্ত্রে,স্মায়ু+তন্ত্র+ে,স্মায়ু,স্মায়ুতন্ত্র,False
স্মৃতিশক্তি,স্মৃতি+শক্ত+ি,স্মৃতি,স্মৃতিশক্তি,False
স্নেহের,স্নেহ+ের,স্নেহ,স্নেহ,True
স্নৃতিচারণায়,স্নৃতি+চারণ+া+য়,স্নৃতি,স্নৃতিচারণায়,False
স্নরণযোগ্য,স্নরণ+যোগ্য,স্নরণ,স্নরণযোগ্য,False
স্পেশালিস্ট,স্পেশাল+িস্ট,স্পেশাল,স্পেশালিস্ট,False
স্পিনারও,স্পিন+ার+ও,স্পিন,স্পিনা,False
স্পিনাররা,স্পিন+ার+রা,স্পিন,স্পিনা,False
স্পিনের,স্পিন+ের,স্পিন,স্পিন,True
স্পনসরই,স্পনসর+ই,স্পনসর,স্পনসর,True
স্প্লিন্টার,"স্প্লিন্ট+ার, স্প্লিন্টার",স্প্লিন্ট,স্প্লিন্,False
স্রষ্টা,স্রষ্টা,স্রষ্টা,স্রষ্,False
স্টার্ট,স্টার্ট,স্টার্ট,স্টার্ট,True
স্টোরেজের,স্টোর+েজ+ের,স্টোর,স্টোরেজ,False
স্ট্যান্ডরিলিজ,স্ট্যান্ড+রিলিজ,স্ট্যান্ড,স্ট্যান্ডরিলিজ,False
তঁাতী,তঁাত+ী,তঁাত,তঁাতী,False
তীর্থস্থানসহ,তীর্থ+স্থান+সহ,তীর্থ,তীর্থস্থানসহ,False
তাত্ক্ষণিক,তাত্ক্ষণিক,তাত্ক্ষণিক,তাত্ক্ষণিক,True
তাত্পর্যপূর্ণ,তাত্পর্য+পূর্ণ,তাত্পর্য,তাত্পর্যপূর্ণ,False
তাগাদা,তাগাদা,তাগাদা,তাগাদা,True
তাহা,তাহা,তাহা,তাহা,True
তাকানোর,তাকান+োর,তাকান,তাকানোর,False
তাকে,"তাকে, তা+কে",তাকে,তাকে,True
তালিকা,তালিকা,তালিকা,তালিকা,True
তালুতে,তালু+তে,তালু,তালু,True
তাপমান,তাপ+মান,তাপ,তাপ,True
তারা,তা+রা,তা,তারা,False
তারিখে,তারিখ+ে,তারিখ,তারিখ,True
তারণের,তারণ+ের,তারণ,তারণ,True
তারল্য,তারল্য,তারল্য,তারল্য,True
তার্কিকের,"1 তার্ক+িক+ের, তর্ক+িক+ের",1 তার্ক,তার্কিক,False
তেমন,তেমন,তেমন,তেমন,True
তিন,তিন,তিন,তিন,True
তিনতলা,তিনতলা,তিনতলা,তিনতলা,True
তিনশ,তিন+শ,তিন,তিনশ,False
তখন,তখন,তখন,তখন,True
তোমরা,তোম+রা,তোম,তোমরা,False
তত্ত্বগতভাবে,তত্ত্ব+গত+ভাব+ে,তত্ত্ব,তত্ত্বগতভাব,False
তুষারের,তুষার+ের,তুষার,তুষার,True
তুলো,তুলো,তুলো,তুলো,True
তুলনামূলক,তুলনা+মূলক,তুলনা,তুলনামূলক,False
তুলনায়ও,তুলনা+য়+ও,তুলনা,তুলনায়,False
তবে,তবে,তবে,তবে,True
তদন্তকার্য,তদন্ত+কার্য,তদন্ত,তদন্তকার্য,False
তপ্ত,তপ্ত,তপ্ত,তপ্ত,True
ত্রাণকাজে,ত্রাণ+কাজ+ে,ত্রাণ,ত্রাণকাজ,False
ত্রাহি,ত্রাহি,ত্রাহি,ত্রাহি,True
ত্রিশ,ত্রিশ,ত্রিশ,ত্রিশ,True
ত্রুটিটি,ত্রুটি+টি,ত্রুটি,ত্রুটিটি,False
ডাকে,ডাক+ে,ডাক,ডাক,True
ডাকবাংলোকে,ডাক+বাংলো+কে,ডাক,ডাকবাংলো,False
ডানহাতির,ডান+হাত+ি+র,ডান,ডানহাতি,False
ডেটাবেজ,ডেটা+বেজ,ডেটা,ডেটাবেজ,False
ডিভিডিরম,ডিভিডি+রম,ডিভিডি,ডিভিডিরম,False
ডিভোর্স,ডিভোর্স,ডিভোর্স,ডিভোর্স,True
ডিফেন্স,ডিফেন্স,ডিফেন্স,ডিফেন্স,True
ডিসেম্বর,ডিসেম্বর,ডিসেম্বর,ডিসেম্বর,True
ড্রটা,ড্র+টা,ড্র,ড্র,True
ড্রটাকে,ড্র+টা+কে,ড্র,ড্র,True
ঢাকা,ঢাক+া,ঢাক,ঢাকা,False
ঢালেন,"ঢাল+েন, ঢাল+ে+ন",ঢাল,ঢাল,True
ঢুকঢুকি,ঢুক+ঢুক+ি,ঢুক,ঢুকঢুকি,False
ঢঙের,ঢঙ+ের,ঢঙ,ঢঙ,True
অভিষেক,অভিষেক,অভিষেক,ষেক,False
অভিজ্ঞ,অ+ভিজ্ঞ,অ,জ্ঞ,False
অভিব্যক্তিতেই,অভি+ব্যক্তি+তে+ই,ব্যক্তি,ব্যক্তি,True
অভিহিত,অভি+হিত,হিত,হিত,True
অভিযান,অভি+যান,যান,যান,True
অভিনন্দনসিক্ত,অভি+নন্দন+সিক্ত,নন্দন,নন্দনসিক্ত,False
অভিনয়েরও,অভিনয়+ের+ও,অভিনয়,নয়,False
অভিশাপ,"অভিশাপ, অভি+শাপ",অভিশাপ,শাপ,False
অধীনেই,অধীন+ে+ই,অধীন,অধীন,True
অধিনায়কের,অধি+নায়ক+ের,নায়ক,নায়ক,True
অধ্যায়,অধ্যায়,অধ্যায়,অধ্যায়,True
অধ্যায়ে,অধ্যায়+ে,অধ্যায়,অধ্য,False
অষ্টধার,অষ্ট+ধার,অষ্ট,অষ্টধা,False
অজানা,অ+জানা,অ,অজানা,False
অজ্ঞাতপরিচয়ের,অ+জ্ঞাত+পরিচয়+ের,অ,অজ্ঞাতপরিচয়,False
অণ্ডকোষ,অণ্ড+কোষ,অণ্ড,অণ্ডকোষ,False
অসিতবরণ,অসিত+বরণ,অসিত,অসিতবরণ,False
অসুখের,অ+সুখ+ের,অ,অসুখ,False
অসুবিধাও,অ+সুবিধা+ও,অ,অসুবিধা,False
অসহায়ত্বকে,অ+সহায়+ত্ব+কে,অ,অসহায়ত্ব,False
অসম্ভবকে,অ+সম্ভব+কে,অ,অসম্ভব,False
অস্তিত্ব,অস্তিত্ব,অস্তিত্ব,অস্তিত্ব,True
অস্থির,অ+স্থির,অ,অস্থি,False
অতীতটাও,অতীত+টা+ও,অতীত,অতীত,True
অতিসত্তর,অতি+সত্তর,সত্তর,সত্তর,True
অতিথেয়তা,অতিথেয়+তা,অতিথেয়,থেয়তা,False
অতৃপ্তি,অ+তৃপ্ত+ি,অ,অতৃপ্তি,False
অত্যাচার,"1 অত্য+াচার, অত্য+আচার",1 অত্য,আচা,False
অঞ্চলের,অঞ্চল+ের,অঞ্চল,অঞ্চল,True
অবাঙালিদের,অ+বাঙাল+ি+দের,অ,অবাঙালি,False
অবিভক্ত,অ+বিভক্ত,অ,অবিভক্ত,False
অবিকৃতভাবে,অ+বিকৃত+ভাব+ে,অ,অবিকৃতভাব,False
অবিরাম,অ+বিরাম,অ,অবিরাম,False
অবস্থারও,অবস্থা+র+ও,অবস্থা,স্থা,False
অবস্থাটা,অবস্থা+টা,অবস্থা,স্থা,False
অব্যাহত,অ+ব্যাহত,অ,অব্যাহত,False
অগণিত,অ+গণিত,অ,অগণিত,False
অগ্নিগোলা,অগ্নি+গোলা,অগ্নি,অগ্নিগোলা,False
অগ্নিনির্বাপণের,অগ্নি+নির্বাপণ+ের,অগ্নি,অগ্নিনির্বাপণ,False
অগ্রাধিকারও,"1 অগ্র+াধিকার+ও, অগ্র+অধিকার+ও",1 অগ্র,অগ্রাধিকা,False
অগ্রগতির,অগ্র+গতি+র,অগ্র,অগ্রগতি,False
অহনে,অহন+ে,অহন,অহন,True
অক্টোবর,অক্টোবর,অক্টোবর,অক্টোবর,True
অল্পকাল,অল্প+কাল,অল্প,অল্পকাল,False
অনার্সে,অনার্স+ে,অনার্স,অনার্স,True
অনেকটুকু,অনেক+টুকু,অনেক,অনেকটুকু,False
অনির্বাণ,"অনির্বাণ, অ+নির্বাণ",অনির্বাণ,অনির্বাণ,True
অনিশ্চিত,অ+নিশ্চিত,অ,অনিশ্চিত,False
অনুষ্ঠান,অনুষ্ঠান,অনুষ্ঠান,ষ্ঠান,False
অনুষ্ঠিত,অনুষ্ঠিত,অনুষ্ঠিত,ষ্ঠিত,False
অনুসন্ধান,অনু+সন্ধান,সন্ধান,সন্ধান,True
অনুতাপের,"অনুতাপ+ের, অনু+তাপ+ের",অনুতাপ,তাপ,False
অনুচর,অনু+চর,চর,চর,True
অনুযোগ,"অনুযোগ, অনু+যোগ",অনুযোগ,যোগ,False
অনুপস্থিতিটাকেও,"1 অনু+পস্থিত+ি+টা+কে+ও, অনু+উপস্থিত+ি+টা+কে+ও",1 অনু,পস্থিতি,False
অনুপমা,অনুপম+া,অনুপম,পমা,False
অনন্তকাল,অনন্ত+কাল,অনন্ত,অনন্তকাল,False
অনন্য,অনন্য,অনন্য,অনন্য,True
অন্ধত্বের,অন্ধ+ত্ব+ের,অন্ধ,অন্ধত্ব,False
অন্তরাত্মা,"1 অন্তর+াত্ম+া, অন্তর+আত্ম+া",1 অন্তর,অন্তরাত্মা,False
অন্যান্য,"1 অন্য+ান্য, অন্য+অন্য",1 অন্য,অন্যান্য,False
অন্যত্রও,অন্যত্র+ও,অন্যত্র,অন্যত্র,True
অপারেশন,অপারেশন,অপারেশন,অপারেশন,True
অপারগ,অপারগ,অপারগ,অপারগ,True
অপছন্দও,অ+পছন্দ+ও,অ,ছন্দ,False
অপেক্ষমান,অপেক্ষ+মান,অপেক্ষ,অপেক্ষ,True
অপেরা,অপেরা,অপেরা,অপ,False
অপব্যবহারকেও,অপ+ব্যবহার+কে+ও,ব্যবহার,ব্যবহা,False
অপব্যয়ের,অপ+ব্যয়+ের,ব্যয়,ব্যয়,True
অপহরণকালে,অপ+হরণ+কাল+ে,হরণ,হরণকাল,False
অপহরণকারী,অপ+হরণ+কার+ী,হরণ,হরণকারী,False
অপকর্মে,অপ+কর্ম+ে,কর্ম,কর্ম,True
অপপ্রচারে,অপ+প্রচার+ে,প্রচার,প্রচা,False
অপরাধীকে,অপরাধ+ী+কে,অপরাধ,রাধী,False
অপরাধমুক্ত,অপরাধ+মুক্ত,অপরাধ,রাধমুক্ত,False
অপশক্তিকে,অপ+শক্ত+ি+কে,শক্ত,শক্তি,False
অপ্রকাশিত,অ+প্রকাশ+িত,অ,অপ্রকাশিত,False
অঙ্গনে,অঙ্গন+ে,অঙ্গন,অঙ্গন,True
অর্ধেকটাই,অর্ধ+েক+টা+ই,অর্ধ,অর্ধেক,False
অর্জনকে,অর্জন+কে,অর্জন,অর্জন,True
অর্চনা,অর্চনা,অর্চনা,অর্চনা,True
অর্থ,অর্থ,অর্থ,অর্থ,True
অর্থায়নেও,অর্থ+ায়ন+ে+ও,অর্থ,অর্থায়ন,False
অর্থমন্ত্রীরই,অর্থ+মন্ত্রী+র+ই,অর্থ,অর্থমন্ত্রীর,False
অর্থনীতি,অর্থ+নীতি,অর্থ,অর্থনীতি,False
অর্থনীতিতে,অর্থ+নীতি+তে,অর্থ,অর্থনীতি,False
অর্থনীতিও,অর্থ+নীতি+ও,অর্থ,অর্থনীতি,False
অর্থপ্রাপ্তির,অর্থ+প্রাপ্ত+ি+র,অর্থ,অর্থপ্রাপ্তি,False
অশীতিপর,অশীতি+পর,অশীতি,অশীতিপর,False
অশ্লীলতামুক্ত,অ+শ্লীল+তা+মুক্ত,অ,অশ্লীলতামুক্ত,False
অটো,অটো,অটো,অটো,True
অঝরে,অ+ঝর+ে,অ,অঝর,False
অয়েলচালিত,অয়েল+চালিত,অয়েল,অয়েলচালিত,False
অয়েলও,অয়েল+ও,অয়েল,অয়েল,True
অ্যাসোসিয়েশনও,অ্যাসোসিয়েশন+ও,অ্যাসোসিয়েশন,অ্যাসোসিয়েশন,True
অ্যাড,অ্যাড,অ্যাড,অ্যাড,True
অ্যাকটিভ,অ্যাকটিভ,অ্যাকটিভ,অ্যাকটিভ,True
অ্যালার্ম,অ্যালার্ম,অ্যালার্ম,অ্যালার্ম,True
অ্যাটাকটাও,অ্যাটাক+টা+ও,অ্যাটাক,অ্যাটাকটা,False
বৈচিত্র্য,বৈচিত্র্য,বৈচিত্র্য,বৈচিত্র্য,True
বৈকালী,বৈকাল+ী,বৈকাল,বৈকালী,False
বৈঠকেরও,বৈঠক+ের+ও,বৈঠক,বৈঠক,True
বৈঠকগুলোর,বৈঠক+গুলো+র,বৈঠক,বৈঠক,True
বঁাচাও,বঁাচ+া+ও,বঁাচ,বঁাচা,False
বঁাকা,বঁাক+া,বঁাক,বঁাকা,False
বঁাশজানি,বঁাশ+জানি,বঁাশ,বঁাশজানি,False
বীজটাকে,বীজ+টা+কে,বীজ,বীজ,True
বীরগড়,বীর+গড়,বীর,বীরগড়,False
বৌদ্ধধর্মীয়,বৌদ্ধ+ধর্ম+ীয়,বৌদ্ধ,বৌদ্ধধর্মীয়,False
বাঁধতে,বাঁধ+তে,বাঁধ,বাঁধ,True
বাধা,বাধ+া,বাধ,বাধা,False
বাধাগুলো,বাধ+া+গুলো,বাধ,বাধা,False
বাধাও,বাধ+া+ও,বাধ,বাধা,False
বাজারজাতকরণ,বাজার+জাত+করণ,বাজার,বাজারজাতকরণ,False
বাজতে,বাজ+তে,বাজ,বাজ,True
বাণিজ্যিকীকরণ,বাণিজ্য+িক+ী+করণ,বাণিজ্য,বাণিজ্যিকীকরণ,False
বাসভবনে,বাস+ভবন+ে,বাস,বাসভবন,False
বাসে,বাস+ে,বাস,বাস,True
বাসস্থানে,বাস+স্থান+ে,বাস,বাসস্থান,False
বাসস্ট্যান্ড,বাস+স্ট্যান্ড,বাস,বাসস্ট্যান্ড,False
বাসচালক,বাস+চালক,বাস,বাসচালক,False
বাসচালককে,বাস+চালক+কে,বাস,বাসচালক,False
বাস্তবক্ষেত্রে,বাস্তব+ক্ষেত্র+ে,বাস্তব,বাস্তবক্ষেত্রে,False
বাবা,বাবা,বাবা,বাবা,True
বাদ্যযন্ত্র,বাদ্য+যন্ত্র,বাদ্য,বাদ্যযন্ত্র,False
বাহিনীগুলো,বাহিনী+গুলো,বাহিনী,বাহিনী,True
বাই,বাই,বাই,বাই,True
বাকী,বাক+ী,বাক,বাকী,False
বালির,বালি+র,বালি,বালি,True
বালুছড়ায়,বালু+ছড়া+য়,বালু,বালুছড়ায়,False
বানানরীতির,বানান+রীতি+র,বানান,বানানরীতি,False
বানিয়েছে,"বান+িয়ে+ছ+ে, বান+িয়েছ+ে, বান+িয়েছে",বান,বান,True
বানোয়াট,বানোয়াট,বানোয়াট,বানোয়াট,True
বার,বার,বার,বার,True
বাটকে,বাট+কে,বাট,বাট,True
বাউকাঠি,বাউ+কাঠি,বাউ,বাউকাঠি,False
বাউন্ডারিতে,বাউন্ডারি+তে,বাউন্ডারি,বাউন্ডারি,True
বায়োস্কোপ,বায়োস্কোপ,বায়োস্কোপ,বায়োস্কোপ,True
বায়ুমান,বায়ু+মান,বায়ু,বায়ু,True
বাড়াবে,"বাড়+া+ব+ে, বাড়+া+বে",বাড়,বাড়াব,False
বাড়ালে,"বাড়+া+লে, বাড়+া+ল+ে",বাড়,বাড়াল,False
বাড়ছে,"বাড়+ছ+ে, বাড়+ছে",বাড়,বাড়,True
বাড়ি,বাড়ি,বাড়ি,বাড়ি,True
বাংলাদেশ,বাংলা+দেশ,বাংলা,বাংলাদেশ,False
বছরতিনেক,বছর+তিন+েক,বছর,বছরতিনেক,False
বছরটি,বছর+টি,বছর,বছর,True
বেতারকেন্দ্রের,বেতার+কেন্দ্র+ের,বেতার,বেতারকেন্দ্র,False
বেবিট্যাক্সিও,বেবি+ট্যাক্সি+ও,বেবি,বেবিট্যাক্সি,False
বেকারিগুলোয়,বেকারি+গুলো+য়,বেকারি,বেকারিগুলোয়,False
বেলার,বেলা+র,বেলা,বেলা,True
বেলায়,বেলা+য়,বেলা,বেলায়,False
বেলেপুকুরে,বেলে+পুকুর+ে,বেলে,বেলেপুকুরে,False
বেনিয়াসুলভ,বেনিয়া+সুলভ,বেনিয়া,বেনিয়াসুলভ,False
বেঙ্গলের,বেঙ্গল+ের,বেঙ্গল,বেঙ্গল,True
বেরিয়েছে,"বের+িয়ে+ছ+ে, বের+িয়ে+ছে",বের,বের,True
বেরোচ্ছে,"বের+ো+চ্ছে, বের+ো+চ্ছ+ে",বের,বেরোচ্,False
বেরঙের,বে+রঙ+ের,বে,বেরঙের,False
বেড়াচ্ছেন,"বেড়া+চ্ছ+ে+ন, বেড়া+চ্ছে+ন",বেড়া,বেড়,False
বিভেদ,বি+ভেদ,ভেদ,ভেদ,True
বিধানকারী,"বি+ধান+কার+ী, বিধান+কার+ী",ধান,ধানকারী,False
বিধিনিষেধের,বিধি+নিষেধ+ের,বিধি,ধিনিষেধ,False
বিষ,বিষ,বিষ,ষ,False
বিষবাষ্পকে,বিষ+বাষ্প+কে,বিষ,ষবাষ্প,False
বিষয়সমূহ,বিষয়+সমূহ,বিষয়,ষয়সমূহ,False
বিষয়ও,বিষয়+ও,বিষয়,ষয়,False
বিজয়নগর,বি+জয়+নগর,জয়,জয়নগর,False
বিজ্ঞান,বি+জ্ঞান,জ্ঞান,জ্ঞান,True
বিসর্জন,বিসর্জন,বিসর্জন,সর্জন,False
বিস্তৃত,বিস্তৃত,বিস্তৃত,স্তৃত,False
বিস্তৃতিকে,বিস্তৃত+ি+কে,বিস্তৃত,স্তৃতি,False
বিস্নয়,বিস্নয়,বিস্নয়,স্নয়,False
বিস্নয়করভাবে,বিস্নয়+কর+ভাব+ে,বিস্নয়,স্নয়করভাব,False
বিতর্ক,বি+তর্ক,তর্ক,তর্ক,True
বিতর্কই,বি+তর্ক+ই,তর্ক,তর্ক,True
বিবেক,বিবেক,বিবেক,বেক,False
বিবিরও,বিবি+র+ও,বিবি,বি,False
বিবরণী,বিবরণ+ী,বিবরণ,বরণী,False
বিবরণীর,বিবরণ+ী+র,বিবরণ,বরণীর,False
বিচারকরা,বিচার+ক+রা,বিচার,চারক,False
বিচারকরাও,বিচার+ক+রা+ও,বিচার,চারকরা,False
বিচারপতি,বিচার+পতি,বিচার,চারপতি,False
বিচ্ছেদ,বি+চ্ছেদ,চ্ছেদ,চ্ছেদ,True
বিদ্যালয়ের,"1 বিদ্যা+লয়+ের, বিদ্যা+আলয়+ের",1 বিদ্যা,দ্যালয়,False
বিদ্যালয়সমূহের,"1 বিদ্যা+লয়+সমূহ+ের, বিদ্যা+আলয়+সমূহ+ের",1 বিদ্যা,দ্যালয়সমূহ,False
বিদ্রুপ,বিদ্রুপ,বিদ্রুপ,দ্রুপ,False
বিকেল,বিকেল,বিকেল,কেল,False
বিক্ষোভকারীরা,বি+ক্ষোভ+কার+ী+রা,ক্ষোভ,ক্ষোভকারী,False
বিক্রেতারা,বি+ক্রেতা+রা,ক্রেতা,ক্রেতা,True
বিলটি,বিল+টি,বিল,ল,False
বিমান,বিমান,বিমান,মান,False
বিমানঘঁাটি,বিমান+ঘঁাটি,বিমান,মানঘঁা,False
বিমানবাহিনীপ্রধানরা,বিমান+বাহিনী+প্রধান+রা,বিমান,মানবাহিনীপ্রধান,False
বিমানকর্মীদের,বিমান+কর্ম+ী+দের,বিমান,মানকর্মী,False
বিনা,বিনা,বিনা,বিনা,True
বিন্দুতে,বিন্দু+তে,বিন্দু,ন্দু,False
বিপত্সীমা,বিপত্+সীমা,বিপত্,পত্সীমা,False
বিপরীত,বিপরীত,বিপরীত,পরীত,False
বিরোধী,বি+রোধ+ী,রোধ,রোধী,False
বিরুদ্ধাচরণ,1 বিরুদ্ধ+াচরণ বিরুদ্ধ+আচরণ,1 বিরুদ্ধ,রুদ্ধাচরণ,False
বিরুদ্ধেই,বিরুদ্ধ+ে+ই,বিরুদ্ধ,রুদ্ধ,False
বিশেষ,বিশেষ,বিশেষ,শেষ,False
বিশ্বাসে,"বিশ্বাস+ে, বি+শ্বাস+ে",বিশ্বাস,বিশ্বাস,True
বিশ্বায়নবিরোধী,বিশ্ব+ায়ন+বি+রোধ+ী,বিশ্ব,শ্বায়নবিরোধী,False
বিশ্ববিদ্যালয়কে,"1 বিশ্ব+বিদ্যা+লয়+কে, বিশ্ব+বিদ্যা+আলয়+কে",1 বিশ্ব,শ্ববিদ্যালয়,False
বিশ্ববরেণ্য,বিশ্ব+বরেণ্য,বিশ্ব,শ্ববরেণ্য,False
বিয়েকে,বিয়ে+কে,বিয়ে,য়ে,False
বিড়ালের,বিড়াল+ের,বিড়াল,ড়াল,False
বখাটে,বখা+টে,বখা,বখাট,False
বোলারে,বোলার+ে,বোলার,বোলা,False
বোনই,বোন+ই,বোন,বোন,True
বৃদ্ধসহ,বৃদ্ধ+সহ,বৃদ্ধ,বৃদ্ধসহ,False
বসি,বস+ি,বস,বসি,False
বসতির,বসতি+র,বসতি,বসতি,True
বসল,বস+ল,বস,বসল,False
বস্তাবন্দি,বস্তা+বন্দ+ি,বস্তা,বস্তাবন্দি,False
বুদ্ধিজীবীরা,"1 বুদ্ধি+জীব+ী+রা, বুদ্ধি+জীব+ি+রা",1 বুদ্ধি,বুদ্ধিজীবী,False
বুলোতে,বুলো+তে,বুলো,বুলো,True
বুঝে,বুঝ+ে,বুঝ,বুঝ,True
বুঝেছেন,"বুঝ+েছ+ে+ন, বুঝ+ে+ছ+ে+ন, বুঝ+ে+ছে+ন",বুঝ,বুঝ,True
বুঝবে,বুঝ+ব+ে,বুঝ,বুঝব,False
বঞ্চনার,বঞ্চনা+র,বঞ্চনা,বঞ্চনা,True
বহিঃপ্রকাশ,বহিঃ+প্রকাশ,বহিঃ,বহিঃপ্রকাশ,False
বহুধাবিভক্ত,বহুধা+বিভক্ত,বহুধা,বহুধাবিভক্ত,False
বহুবার,বহু+বার,বহু,বহুবা,False
বহনকারী,বহন+কার+ী,বহন,বহনকারী,False
বলাটা,বল+া+টা,বল,বলা,False
বলের,বল+ের,বল,বল,True
বলতেন,"বল+ত+ে+ন, বল+তে+ন",বল,বলত,False
বনফুল,বন+ফুল,বন,বনফুল,False
বন্ধন,বন্ধন,বন্ধন,বন্ধন,True
বঙ্গবাজারেও,বঙ্গ+বাজার+ে+ও,বঙ্গ,বঙ্গবাজা,False
বরাবরও,বরাবর+ও,বরাবর,বরাবর,True
বরাদ্দ,বরাদ্দ,বরাদ্দ,বরাদ্দ,True
বরমাল্য,বর+মাল্য,বর,বরমাল্য,False
বর্জনীয়,বর্জন+ীয়,বর্জন,বর্জনীয়,False
বর্তাবে,"বর্ত+া+ব+ে, বর্ত+া+বে",বর্ত,বর্তাব,False
বর্তমানকালে,বর্তমান+কাল+ে,বর্তমান,বর্তমানকাল,False
ব্যাচে,ব্যাচ+ে,ব্যাচ,ব্যাচ,True
ব্যাহত,ব্যাহত,ব্যাহত,ব্যাহত,True
ব্যাটসম্যানই,ব্যাট+স+ম্যান+ই,ব্যাট,ব্যাটসম্যান,False
ব্যাংকের,ব্যাংক+ের,ব্যাংক,ব্যাংক,True
ব্যবসায়ীকেই,ব্যবসা+য়ী+কে+ই,ব্যবসা,ব্যবসায়ী,False
ব্যবস্থা,ব্যবস্থা,ব্যবস্থা,ব্যবস্থা,True
ব্যবস্থাসমূহ,ব্যবস্থা+সমূহ,ব্যবস্থা,ব্যবস্থাসমূহ,False
ব্যবস্থাপনা,ব্যবস্থা+পনা,ব্যবস্থা,ব্যবস্থাপনা,False
ব্যবস্থায়,ব্যবস্থা+য়,ব্যবস্থা,ব্যবস্থায়,False
ব্যবহার,ব্যবহার,ব্যবহার,ব্যবহা,False
ব্যথাতুর,ব্যথা+তুর,ব্যথা,ব্যথাতুর,False
ব্যক্তি,ব্যক্তি,ব্যক্তি,ব্যক্তি,True
ব্যক্তিত্বরা,ব্যক্তি+ত্ব+রা,ব্যক্তি,ব্যক্তিত্ব,False
ব্যক্তিই,ব্যক্ত+ি+ই,ব্যক্ত,ব্যক্তি,False
ব্যয়সহ,ব্যয়+সহ,ব্যয়,ব্যয়সহ,False
ব্ল্যাকমেলিং,ব্ল্যাক+মেল+িং,ব্ল্যাক,ব্ল্যাকমেলিং,False
চৌকিগুলো,চৌকি+গুলো,চৌকি,চৌকি,True
চৌকোনা,চৌ+কোন+া,চৌ,চৌকোনা,False
চৌকস,চৌকস,চৌকস,চৌকস,True
চাঁদাবাজই,চাঁদা+বাজ+ই,চাঁদা,চাঁদাবাজ,False
চাষ,চাষ,চাষ,চাষ,True
চাইতাম,"চাই+ত+া+ম, চাই+তাম, চাই+ত+াম",চাই,চাইতাম,False
চাইবেনই,"চাই+বে+ন+ই, চাই+ব+ে+ন+ই",চাই,চাইবেনই,False
চাইলেন,"চাই+লেন, চাই+ল+ে+ন",চাই,চাই,True
চাকরি,"চাকরি, চাকর+ি",চাকরি,চাকরি,True
চালিয়েছ,চাল+িয়ে+ছ,চাল,চাল,True
চামচাদের,চামচা+দের,চামচা,চামচা,True
চাপা,চাপ+া,চাপ,চাপা,False
চারজনে,চার+জন+ে,চার,চারজন,False
চেষ্টা,"চেষ্ট+া, চেষ্টা",চেষ্ট,চেষ্,False
চেনা,চেন+া,চেন,চেনা,False
চেয়ারম্যানসহ,চেয়ার+ম্যান+সহ,চেয়ার,চেয়ারম্যানসহ,False
চেয়েছিল,"চেয়ে+ছি+ল, চেয়ে+ছ+ি+ল, চেয়ে+ছিল",চেয়ে,চায়,False
চিত্তাকর্ষক,"1 চিত্ত+াকর্ষ+ক, চিত্ত+আকর্ষ+ক",1 চিত্ত,চিত্তাকর্ষক,False
চিত্রসাংবাদিকরা,চিত্র+সাংবাদিক+রা,চিত্র,চিত্রসাংবাদিক,False
চিনবে,চিন+ব+ে,চিন,চিনব,False
চিন্তামুক্ত,চিন্তা+মুক্ত,চিন্তা,চিন্তামুক্ত,False
চিঠিতে,চিঠি+তে,চিঠি,চিঠি,True
চিড়গুলো,চিড়+গুলো,চিড়,চিড়,True
চোশত,চোশত,চোশত,চোশত,True
চুলায়,চুলা+য়,চুলা,চুলায়,False
চুলোয়,চুলো+য়,চুলো,চুলোয়,False
চঞ্চলতা,চঞ্চল+তা,চঞ্চল,চঞ্চলতা,False
চকে,চক+ে,চক,চক,True
চক্রান্ত,চক্রান্ত,চক্রান্ত,চক্রা,False
চক্রান্তকারীরা,চক্রান্ত+কার+ী+রা,চক্রান্ত,চক্রান্তকারীরা,False
চক্রটি,চক্র+টি,চক্র,চক্র,True
চলা,চল+া,চল,চলা,False
চলেছেন,"চল+ে+ছে+ন, চল+ে+ছ+ে+ন",চল,চল,True
চলুন,চল+ুন,চল,চলুন,False
চরে,চর+ে,চর,চর,True
চর্চায়,চর্চা+য়,চর্চা,চর্চায়,False
চটের,চট+ের,চট,চট,True
চ্যালেঞ্জিং,চ্যালেঞ্জ+িং,চ্যালেঞ্জ,চ্যালেঞ্জিং,False
চ্যান্সেলরস,চ্যান্সেলর+স,চ্যান্সেলর,চ্যান্সেলরস,False
দীক্ষা,দীক্ষা,দীক্ষা,দীক্ষা,True
দীপন,দীপন,দীপন,দীপন,True
দীপ্তিসহ,দীপ্তি+সহ,দীপ্তি,দীপ্তিসহ,False
দৌড়,দৌড়,দৌড়,দৌড়,True
দাঁড়াব,"দাঁড়া+ব, দাঁড়+া+ব",দাঁড়া,দাঁড়াব,False
দাঁড়ানো,"দাঁড়া+নো, দাঁড়+া+নো",দাঁড়া,দাঁড়ানো,False
দাবিয়ে,দাব+িয়ে,দাব,দাবা,False
দাদীর,দাদী+র,দাদী,দাদীর,False
দাওয়াতকারী,দাওয়াত+কার+ী,দাওয়াত,দাওয়াতকারী,False
দাঙ্গা,দাঙ্গা,দাঙ্গা,দাঙ্গা,True
দাঙ্গার,দাঙ্গা+র,দাঙ্গা,দাঙ্গা,True
দারিদ্র্যই,দারিদ্র্য+ই,দারিদ্র্য,দারিদ্র্য,True
দায়,দায়,দায়,দায়,True
দায়ে,দায়+ে,দায়,দা,False
দায়িত্বপরায়ণ,দায়িত্ব+পরায়ণ,দায়িত্ব,দায়িত্বপরায়ণ,False
দায়দায়িত্ব,দায়+দায়িত্ব,দায়,দায়দায়িত্ব,False
দায়দায়িত্বটা,দায়+দায়িত্ব+টা,দায়,দায়দায়িত্ব,False
দাড়ির,দাড়ি+র,দাড়ি,দাড়ি,True
দেখাচ্ছিল,"দেখ+া+চ্ছ+ি+ল, দেখ+া+চ্ছ+ি+ল",দেখ,দেখ,True
দেখে,দেখ+ে,দেখ,দেখে,False
দেখেছেন,"দেখ+ে+ছ+ে+ন, দেখ+েছ+ে+ন, দেখ+ে+ছেন",দেখ,দাখ,False
দেখেন,দেখ+ে+ন,দেখ,দেখ,True
দেখি,দেখ+ি,দেখ,দেখি,False
দেখতেন,"দেখ+তে+ন, দেখ+ত+ে+ন",দেখ,দেখত,False
দেখলেন,"দেখ+ল+ে+ন, দেখ+লেন, দেখ+ল+ে+ন",দেখ,দেখ,True
দেব,দেব,দেব,দেব,True
দেবেন,দেব+ে+ন,দেব,দেব,True
দেবরাজ,দেব+রাজ,দেব,দেবরাজ,False
দেক,দেক,দেক,দেক,True
দেশজুড়ে,দেশ+জুড়ে,দেশ,দেশজুড়ে,False
দেশগুলোর,দেশ+গুলো+র,দেশ,দেশ,True
দেশটাই,দেশ+টা+ই,দেশ,দেশ,True
দেউলিয়া,দেউলিয়া,দেউলিয়া,দেউলিয়া,True
দিবেন,"দিব+ে+ন, দিব+েন",দিব,দিব,True
দিচ্ছেন,"দি+চ্ছ+ে+ন, দি+চ্ছে+ন",দি,দেয়,False
দিকে,দিক+ে,দিক,দিক,True
দিকগুলো,দিক+গুলো,দিক,দিক,True
দিকগুলোর,দিক+গুলো+র,দিক,দিক,True
দখলকারী,দখল+কার+ী,দখল,দখলকারী,False
দোষারোপ,"1 দোষ+ারোপ, দোষ+আরোপ",1 দোষ,দোষারোপ,False
দোস্ত,দোস্ত,দোস্ত,দোস্ত,True
দৃষ্টিসুখকর,দৃষ্টি+সুখ+কর,দৃষ্টি,দৃষ্টিসুখ,False
দৃঢ়তা,দৃঢ়+তা,দৃঢ়,দৃঢ়তা,False
দুঃখ,দুঃখ,দুঃখ,খ,False
দুঃখবোধ,দুঃখ+বোধ,দুঃখ,খবোধ,False
দুধকুমার,দুধ+কুমার,দুধ,দুধকুমা,False
দুসাধ্য,দু+সাধ্য,দু,দুসাধ্য,False
দুস্বপ্নে,দু+স্বপ্ন+ে,দু,দুস্বপ্ন,False
দুবারও,দু+বার+ও,দু,দুবা,False
দুল,দুল,দুল,দুল,True
দুর্বোধ্য,দুর্+বোধ্য,বোধ্য,বোধ্য,True
দুর্দশা,দুর্+দশা,দশা,দশা,True
দুর্নীতিচর্চার,দুর্নীতি+চর্চা+র,দুর্নীতি,নীতিচর্চা,False
দুটিতে,"দুটি+তে, দু+টি+তে",দুটি,দুটি,True
দূরত্ব,দূরত্ব,দূরত্ব,দূরত্ব,True
দক্ষিণ,দক্ষিণ,দক্ষিণ,দক্ষিণ,True
দক্ষিণাঙিনায়,"1 দক্ষিণ+াঙিনা+য়, দক্ষিণ+আঙিনা+য়",1 দক্ষিণ,দক্ষিণাঙিনায়,False
দক্ষিণপন্থিদের,দক্ষিণ+পন্থি+দের,দক্ষিণ,দক্ষিণপন্থি,False
দলত্যাগকারী,দল+ত্যাগ+কার+ী,দল,দলত্যাগকারী,False
দলনিরপেক্ষভাবে,দল+নিরপেক্ষ+ভাব+ে,দল,দলনিরপেক্ষভাবে,False
দমলাম,"দম+ল+াম, দম+লা+ম",দম,দম,True
দমন,দমন,দমন,দমন,True
দপ্তরে,দপ্তর+ে,দপ্তর,দপ্তর,True
দরকষাকষির,"দর+কষাকষি+র, দর+কষা+কষি+র",দর,দরকষাকষি,False
দ্বীপে,দ্বীপ+ে,দ্বীপ,দ্বীপ,True
দ্বিধাবিভক্তি,দ্বিধা+বিভক্ত+ি,দ্বিধা,দ্বিধাবিভক্তি,False
দ্বিমুখী,দ্বি+মুখ+ী,দ্বি,দ্বিমুখী,False
দ্বন্দ্ব,দ্বন্দ্ব,দ্বন্দ্ব,দ্বন্দ্ব,True
দ্রাঘিমাংশ,"1 দ্রাঘিমা+ংশ, দ্রাঘিমা+অংশ",1 দ্রাঘিমা,দ্রাঘিমাংশ,False
দ্রুততার,দ্রুত+তা+র,দ্রুত,দ্রুততা,False
দ্রুতযান,দ্রুত+যান,দ্রুত,দ্রুতযান,False
দ্রব্য,দ্রব্য,দ্রব্য,দ্রব্য,True
এজলাস,এজলাস,এজলাস,এজলাস,True
এখনোই,এখন+ো+ই,এখন,এখনো,False
এসিডসন্ত্রাস,এসিড+সন্ত্রাস,এসিড,এসিডসন্ত্রাস,False
এহনো,এহন+ো,এহন,এহনো,False
একাই,একা+ই,একা,একা,True
একটি,এক+টি,এক,এক,True
এক্সচেঞ্জের,এক্স+চেঞ্জ+ের,এক্স,এক্সচেঞ্জ,False
এলাকা,এলাকা,এলাকা,এলাকা,True
এলাকাসংলগ্ন,এলাকা+সংলগ্ন,এলাকা,এলাকাসংলগ্ন,False
এলো,এলো,এলো,এলো,True
এমনকি,এমন+কি,এমন,এমনকি,False
এটিও,এটি+ও,এটি,এটি,True
থাইকা,থাইক+া,থাইক,থাইকা,False
থাকা,থাক+া,থাক,থাকা,False
থাকায়,থাক+া+য়,থাক,থাকায়,False
থাকবে,"থাক+ব+ে, থাক+বে",থাক,থাকব,False
থাকল,থাক+ল,থাক,থাকল,False
থামানোর,থাম+া+নো+র,থাম,থামানোর,False
থেমে,"1 থেম+ে, থাম+ে",1 থেম,থাম,False
গৌতম,গৌতম,গৌতম,গৌতম,True
গৌরপদ,গৌর+পদ,গৌর,গৌরপদ,False
গাছ,গাছ,গাছ,গাছ,True
গাধার,গাধা+র,গাধা,গাধা,True
গানসমৃদ্ধ,গান+সমৃদ্ধ,গান,গানসমৃদ্ধ,False
গায়েন,"গায়েন, গা+য়েন",গায়েন,গায়,False
গাড়িতে,গাড়ি+তে,গাড়ি,গাড়ি,True
গাড়িবহরের,গাড়ি+বহর+ের,গাড়ি,গাড়িবহর,False
গেছে,গে+ছ+ে,গে,গেছ,False
গেজেটের,গেজেট+ের,গেজেট,গেজেট,True
গেটে,গেট+ে,গেট,গেটে,False
গণিতবিদরা,গণিত+বিদ+রা,গণিত,গণিতবিদ,False
গণজাগরণের,গণ+জাগরণ+ের,গণ,গণজাগরণ,False
গণস্বাস্থ্য,গণ+স্বাস্থ্য,গণ,গণস্বাস্থ্য,False
গণকবরস্থানের,গণ+কবর+স্থান+ের,গণ,গণকবরস্থান,False
গণমাধ্যম,গণ+মাধ্যম,গণ,গণমাধ্যম,False
গণমাধ্যমেরও,গণ+মাধ্যম+ের+ও,গণ,গণমাধ্যম,False
গোল,গোল,গোল,গোল,True
গোলকমণি,গোলক+মণি,গোলক,গোলকমণি,False
গৃহকত্রী,গৃহ+কত্রী,গৃহ,গৃহকত্রী,False
গতিসম্পন্ন,গতি+সম্পন্ন,গতি,গতিসম্পন্ন,False
গতিপ্রকৃতি,গতি+প্রকৃতি,গতি,গতিপ্রকৃতি,False
গতিরোধ,গতি+রোধ,গতি,গতিরোধ,False
গুঁজে,গুঁজ+ে,গুঁজ,গুঁজ,True
গুণগত,গুণ+গত,গুণ,গুণ,True
গুণ্ডা,গুণ্ডা,গুণ্ডা,গুণ্ডা,True
গুড,গুড,গুড,গুড,True
গুলিসহ,গুলি+সহ,গুলি,গুলিসহ,False
গুনছেন,"গুন+ছ+ে+ন, গুন+ছে+ন",গুন,গুন,True
গুপ্ত,গুপ্ত,গুপ্ত,গুপ্ত,True
গুড়ের,গুড়+ের,গুড়,গুড়,True
গবেষণা,গবেষণা,গবেষণা,গবেষণা,True
গহনাগুলোর,গহনা+গুলো+র,গহনা,গহনা,True
গলাকাটা,গলা+কাট+া,গলা,গলাকা,False
গলায়,গলা+য়,গলা,গলায়,False
গল্প,গল্প,গল্প,গল্প,True
গরিব,গরিব,গরিব,গরিব,True
গরিবরা,গরিব+রা,গরিব,গরিব,True
গরু,গরু,গরু,গরু,True
গর্তের,গর্ত+ের,গর্ত,গর্ত,True
গর্বের,গর্ব+ের,গর্ব,গর্ব,True
গঠনতন্ত্র,গঠন+তন্ত্র,গঠন,গঠনতন্ত্র,False
গড়াল,গড়+া+ল,গড়,গড়াল,False
গড়টাও,গড়+টা+ও,গড়,গড়,True
গ্যাসকূপের,গ্যাস+কূপ+ের,গ্যাস,গ্যাসকূপ,False
গ্যাসক্ষেত্রটিকে,গ্যাস+ক্ষেত্র+টি+কে,গ্যাস,গ্যাসক্ষেত্র,False
গ্রাহকদেরও,গ্রাহক+দের+ও,গ্রাহক,গ্রাহক,True
গ্রাহককে,গ্রাহক+কে,গ্রাহক,গ্রাহক,True
গ্রামীণব্যাংকের,গ্রামীণ+ব্যাংক+ের,গ্রামীণ,গ্রামীণব্যাংক,False
গ্রামান্তরে,"1 গ্রাম+ান্তর+ে, গ্রাম+অন্তর+ে",1 গ্রাম,গ্রামান্তর,False
গ্রেটদের,গ্রেট+দের,গ্রেট,গ্রেট,True
হীনম্মন্যতাবোধ,হীন+ম্মন্য+তা+বোধ,হীন,হীনম্মন্যতাবোধ,False
হীনম্মন্যতাগুলো,হীন+ম্মন্য+তা+গুলো,হীন,হীনম্মন্যতা,False
হাঁটাচলা,হাঁট+া+চল+া,হাঁট,হাঁটাচলা,False
হাজির,"হাজির, হাজি+র",হাজির,হাজি,False
হাসছেন,হাস+ছে+ন,হাস,হাস,True
হাসলেও,হাস+ল+ে+ও,হাস,হাসল,False
হাতছানি,হাত+ছানি,হাত,হাতছানি,False
হাততালিতে,হাত+তালি+তে,হাত,হাততা,False
হাতুড়ে,হাতুড়ে,হাতুড়ে,হাতুড়,False
হাতগুলো,হাত+গুলো,হাত,হাত,True
হাইকমান্ডকে,হাই+কমান্ড+কে,হাই,হাইকমান্ড,False
হামলা,হামলা,হামলা,হামলা,True
হামলাকারীদের,হামলা+কারী+দের,হামলা,হামলাকারী,False
হামলাকারীরা,হামলা+কারী+রা,হামলা,হামলাকারী,False
হাওরের,হাওর+ের,হাওর,হাওর,True
হারানো,"হার+া+ন+ো, হার+া+নো",হার,হারানো,False
হারায়,হার+া+য়,হার,হারায়,False
হাট,হাট,হাট,হাট,True
হেঁটেছে,হেঁট+ে+ছে,হেঁট,হেঁট,True
হিমমুকুট,হিম+মুকুট,হিম,হিমমুকুট,False
হোক,হোক,হোক,হোক,True
হৃদয়হীনতা,হৃদয়+হীন+তা,হৃদয়,হৃদয়হীনতা,False
হৃদ্যতা,হৃদ্য+তা,হৃদ্য,হৃদ্যতা,False
হতাশা,হতাশ+া,হতাশ,হতাশা,False
হতাশায়,হতাশ+া+য়,হতাশ,হতাশায়,False
হতদরিদ্রের,হত+দরিদ্র+ের,হত,হতদরিদ্র,False
হত্যার,হত্যা+র,হত্যা,হত্যা,True
হুঁশিয়ারবার্তাই,হুঁশিয়ার+বার্তা+ই,হুঁশিয়ার,হুঁশিয়ারবার্তা,False
হুমকিকে,হুমকি+কে,হুমকি,হুমকি,True
হবেই,হবে+ই,হবে,হব,False
হচ্ছেন,হচ্ছ+ে+ন,হচ্ছ,হচ্,False
হইয়া,হইয়া,হইয়া,হইয়া,True
হকার,হকার,হকার,হকা,False
হরিজন,হরি+জন,হরি,হরিজন,False
হরতাল,হরতাল,হরতাল,হরতাল,True
হয়েছিলই,"হয়+ে+ছি+ল+ই, হয়+ে+ছ+ি+ল+ই",হয়,হয়,True
ইতিহাসে,ইতিহাস+ে,ইতিহাস,ইতিহাস,True
ইঞ্জিনিয়ারিং,ইঞ্জিনিয়ার+িং,ইঞ্জিনিয়ার,ইঞ্জিনিয়ারিং,False
ইহকাল,ইহ+কাল,ইহ,ইহকাল,False
ইমাম,ইমাম,ইমাম,ইমাম,True
ইনিংসটিকে,ইনিংস+টি+কে,ইনিংস,ইনিংস,True
ইনজুরিতেও,ইনজুরি+তে+ও,ইনজুরি,ইনজুরি,True
ইনফরমেশনকে,ইনফরমেশন+কে,ইনফরমেশন,ইনফরমেশন,True
ইনস্টিটিউশনাল,ইনস্টিটিউশন+াল,ইনস্টিটিউশন,ইনস্টিটিউশনাল,False
ইনস্টিটিউটে,ইনস্টিটিউট+ে,ইনস্টিটিউট,ইনস্টিটিউট,True
ইউনিফর্ম,ইউনিফর্ম,ইউনিফর্ম,ইউনিফর্ম,True
ইউনিয়ন,ইউনিয়ন,ইউনিয়ন,ইউনিয়ন,True
ইউনিয়নসহ,ইউনিয়ন+সহ,ইউনিয়ন,ইউনিয়নসহ,False
যাতায়াতের,যাতায়াত+ের,যাতায়াত,যাতায়াত,True
যাত্রা,যাত্রা,যাত্রা,যাত্,False
যাবত,যাবত,যাবত,যাবত,True
যাচ্ছি,"যা+চ্ছি, যা+চ্ছ+ি",যা,যায়,False
যাহাতে,যাহা+তে,যাহা,যাহা,True
যাইবার,যা+ইব+ার,যা,যাইবা,False
যানজটও,যান+জট+ও,যান,যানজট,False
যানবাহন,যান+বাহন,যান,যানবাহন,False
যেগুলো,যে+গুলো,যে,যেগুলো,False
যেনতেন,"যেন+তেন, যেনতেন",যেন,যেনতেন,False
যেনতেনভাবে,"যেনতেন+ভাব+ে, যেন+তেন+ভাব+ে",যেনতেন,যেনতেনভাবে,False
যোগাযোগমন্ত্রীকে,যোগাযোগ+মন্ত্রী+কে,যোগাযোগ,যোগাযোগমন্ত্রী,False
যুবা,যুব+া,যুব,যুবা,False
যুবধারা,যুব+ধারা,যুব,যুবধা,False
যুগ,যুগ,যুগ,যুগ,True
যুক্ত,যুক্ত,যুক্ত,যুক্ত,True
যুক্তিই,যুক্তি+ই,যুক্তি,যুক্তি,True
যথাসম্ভব,যথা+সম্ভব,যথা,যথাসম্ভব,False
যথার্থ,যথার্থ,যথার্থ,যথার্থ,True
কৈশোরোত্তীর্ণ,"1 কৈশোর+োত্তীর্ণ, কৈশোর+উত্তীর্ণ",1 কৈশোর,কৈশোরোত্তীর্ণ,False
কঁাদছিলেন,"কঁাদ+ছি+ল+ে+ন, কঁাদ+ছ+ি+ল+ে+ন, কঁাদ+ছি+ল+েন",কঁাদ,কঁাদ,True
কঁাপলে,কঁাপ+লে,কঁাপ,কঁাপল,False
কীর্তিই,কীর্তি+ই,কীর্তি,কীর্তি,True
কীটনাশক,কীট+নাশ+ক,কীট,কীটনাশক,False
কৌশলে,কৌশল+ে,কৌশল,কৌশল,True
কৌটাই,কৌটা+ই,কৌটা,কৌটা,True
কাজ,কাজ,কাজ,কাজ,True
কাদায়,কাদা+য়,কাদা,কাদায়,False
কালির,কালি+র,কালি,কালি,True
কালোত্তীর্ণ,"1 কাল+োত্তীর্ণ, কাল+উত্তীর্ণ",1 কাল,কালোত্তীর্ণ,False
কামরেল,কাম+রেল,কাম,কামরেল,False
কানন,কানন,কানন,কানন,True
কাপ,কাপ,কাপ,কাপ,True
কাপড়,কাপড়,কাপড়,কাপড়,True
কাপড়গুলো,কাপড়+গুলো,কাপড়,কাপড়,True
কারাবন্দি,কারা+বন্দি,কারা,কারাবন্দি,False
কারণে,কারণ+ে,কারণ,কারণ,True
কারবার,কার+বার,কার,কারবার,False
কারকে,কারক+ে,কারক,কার,False
কার্তিকে,কার্তিক+ে,কার্তিক,কার্তি,False
কার্ডও,কার্ড+ও,কার্ড,কার্ড,True
কার্যকলাপ,কার্য+কলাপ,কার্য,কার্যকলাপ,False
কার্যক্ষেত্রে,কার্য+ক্ষেত্র+ে,কার্য,কার্যক্ষেত্রে,False
কাশি,কাশি,কাশি,কাশি,True
কাটাবেন,"কাট+া+বে+ন, কাট+া+ব+ে+ন",কাট,কাটা,False
কাটাই,কাট+া+ই,কাট,কাটা,False
কাটছাট,কাট+ছাট,কাট,কাটছাট,False
কাটত,কাট+ত,কাট,কাটত,False
কাটতে,কাট+তে,কাট,কাট,True
কাউন্সিলকে,কাউন্সিল+কে,কাউন্সিল,কাউন্সিল,True
কেঁৗশলী,কেঁৗশল+ী,কেঁৗশল,কেঁৗশলী,False
কেবলের,কেবল+ের,কেবল,কেবল,True
কেনেন,কেন+ে+ন,কেন,কেনেন,False
কেন্দ্র,কেন্দ্র,কেন্দ্র,কেন্দ্র,True
কেন্দ্রিভূত,কেন্দ্রি+ভূত,কেন্দ্রি,কেন্দ্রিভূত,False
কেড়ে,কেড়+ে,কেড়,কেড়ে,False
কষ্টে,কষ্ট+ে,কষ্ট,কষ্ট,True
কিছুকেই,কিছু+কে+ই,কিছু,কিছু,True
কিছুরই,কিছু+র+ই,কিছু,কিছুর,False
কিলোমিটারেরও,কিলো+মিটার+ের+ও,কিলো,কিলোমিটার,False
কিনছে,"কিন+ছে, কিন+ছ+ে",কিন,কিন,True
কিউতে,কিউ+তে,কিউ,কিউ,True
কজন,ক+জন,ক,কজন,False
কোমর,কোমর,কোমর,কোমর,True
কোর্সগুলো,কোর্স+গুলো,কোর্স,কোর্স,True
কোর্ট,কোর্ট,কোর্ট,কোর্ট,True
কোটবাড়ী,কোট+বাড়+ী,কোট,কোটবাড়ী,False
কোয়ার্টার,কোয়ার্টার,কোয়ার্টার,কোয়ার্,False
কৃষিপণ্যের,কৃষি+পণ্য+ের,কৃষি,কৃষিপণ্য,False
কৃতিত্বে,কৃতিত্ব+ে,কৃতিত্ব,কৃতিত্ব,True
কৃচ্ছ্রসাধন,কৃচ্ছ্র+সাধন,কৃচ্ছ্র,কৃচ্ছ্রসাধন,False
কসরত,কসরত,কসরত,কসরত,True
কুচকাওয়াজে,কুচকাওয়াজ+ে,কুচকাওয়াজ,কুচকাওয়াজ,True
কুদরত,কুদরত,কুদরত,কুদরত,True
কুয়ার,কুয়া+র,কুয়া,কুয়া,True
কুয়ায়,কুয়া+য়,কুয়া,কুয়ায়,False
কুড়ি,কুড়ি,কুড়ি,কুড়ি,True
কূটনীতিকপাড়ায়,কূট+নীতি+ক+পাড়া+য়,কূট,কূটনীতিকপাড়ায়,False
কবিরা,কবি+রা,কবি,কবি,True
কদাচিত্,কদাচিত্,কদাচিত্,কদাচিত্,True
কথা,কথা,কথা,কথা,True
কথাকে,কথা+কে,কথা,কথা,True
কথার,কথা+র,কথা,কথা,True
কথায়,কথা+য়,কথা,কথায়,False
কলাপাড়া,কলা+পাড়া,কলা,কলাপাড়া,False
কলেজছাত্রসহ,কলেজ+ছাত্র+সহ,কলেজ,কলেজছাত্রসহ,False
কলেজে,কলেজ+ে,কলেজ,কলেজ,True
কলেজকে,কলেজ+কে,কলেজ,কলেজ,True
কলুষমুক্ত,কলুষ+মুক্ত,কলুষ,কলুষমুক্ত,False
কলমানির,কলমানি+র,কলমানি,কলমানি,True
কলঙ্ক,কলঙ্ক,কলঙ্ক,কলঙ্ক,True
কমানোর,কম+া+নো+র,কম,কমানোর,False
কমানোরও,কম+া+নো+র+ও,কম,কমানোর,False
কমার,কম+া+র,কম,কমা,False
কমিশন,কমিশন,কমিশন,কমিশন,True
কমিশনারসহ,কমিশন+ার+সহ,কমিশন,কমিশনারসহ,False
কমিটিগুলোকে,কমিটি+গুলো+কে,কমিটি,কমি,False
কম্পাউন্ডে,কম্পাউন্ড+ে,কম্পাউন্ড,কম্পাউন্ড,True
কপি,কপি,কপি,কপি,True
কঙ্কালের,কঙ্কাল+ের,কঙ্কাল,কঙ্কাল,True
করাত,"করাত, কর+া+ত",করাত,করাত,True
করাচ্ছেন,"কর+া+চ্ছে+ন, কর+া+চ্ছ+ে+ন",কর,কর,True
করান,কর+া+ন,কর,করান,False
করানোয়,কর+া+নো+য়,কর,করানোয়,False
করছি,"কর+ছি, কর+ছ+ি",কর,কর,True
করের,কর+ের,কর,কর,True
করতই,কর+ত+ই,কর,করত,False
করুন,কর+ুন,কর,করুন,False
কর্তৃর্ত্বকে,কর্তৃর্ত্ব+কে,কর্তৃর্ত্ব,কর্তৃর্ত্ব,True
কর্ম,কর্ম,কর্ম,কর্ম,True
কর্মীদেরই,কর্ম+ী+দের+ই,কর্ম,কর্মী,False
কর্মস্থল,কর্ম+স্থল,কর্ম,কর্মস্থল,False
কর্মকর্তারও,কর্ম+কর্তা+র+ও,কর্ম,কর্মকর্তা,False
কড়াকড়িভাবে,"কড়া+কড়ি+ভাব+ে, কড়া+কড়ি+ভাব+ে",কড়া,কড়াকড়িভাব,False
ক্ষতি,ক্ষতি,ক্ষতি,ক্ষতি,True
ক্ষতির,ক্ষতি+র,ক্ষতি,ক্ষতি,True
ক্ষুধা,ক্ষুধা,ক্ষুধা,ক্ষুধা,True
ক্ষয়ক্ষতির,ক্ষয়+ক্ষতি+র,ক্ষয়,ক্ষয়ক্ষতি,False
ক্ষ্যাপাটে,ক্ষ্যাপা+টে,ক্ষ্যাপা,ক্ষ্যাপাট,False
ক্যাফেগুলো,ক্যাফে+গুলো,ক্যাফে,ক্যাফে,True
ক্যাডাররাই,ক্যাডার+রা+ই,ক্যাডার,ক্যাডাররা,False
ক্যান্সারসহ,ক্যান্সার+সহ,ক্যান্সার,ক্যান্সারসহ,False
ক্লাসরুম,ক্লাস+রুম,ক্লাস,ক্লাসরুম,False
ক্লাবেরই,ক্লাব+ের+ই,ক্লাব,ক্লাব,True
ক্রীড়া,ক্রীড়া,ক্রীড়া,ক্রীড়া,True
ক্রীড়ানক,ক্রীড়া+নক,ক্রীড়া,ক্রীড়ানক,False
ক্রিয়া,ক্রিয়া,ক্রিয়া,ক্রিয়া,True
ক্রসফায়ার,ক্রস+ফায়ার,ক্রস,ক্রসফায়া,False
ক্রমবর্ধনশীল,ক্রম+বর্ধন+শীল,ক্রম,ক্রমবর্ধন,False
ক্রয়াদেশ,"1 ক্রয়+াদেশ, ক্রয়+আদেশ",1 ক্রয়,ক্রয়াদেশ,False
লীগবিরোধী,লীগ+বি+রোধ+ী,লীগ,লীগবিরোধী,False
লাঘবের,লাঘব+ের,লাঘব,লাঘব,True
লাফিয়ে,লাফ+িয়ে,লাফ,লাফা,False
লাফগুলো,লাফ+গুলো,লাফ,লাফ,True
লাবণ্যের,লাবণ্য+ের,লাবণ্য,লাবণ্য,True
লাগা,লাগ+া,লাগ,লাগা,False
লাগাব,লাগ+া+ব,লাগ,লাগাব,False
লাগিয়ে,লাগ+িয়ে,লাগ,লাগা,False
লাইভস্টক,লাইভ+স্টক,লাইভ,লাইভস্টক,False
লাইনে,লাইন+ে,লাইন,লাইন,True
লাল,লাল,লাল,লাল,True
লালমাথা,লাল+মাথা,লাল,লালমাথা,False
লেখনিতে,লেখন+ি+তে,লেখন,লেখনি,False
লেবুছড়ি,লেবু+ছড়ি,লেবু,লেবুছড়ি,False
লিভারে,লিভার+ে,লিভার,লিভা,False
লিগেরই,লিগ+ের+ই,লিগ,লিগ,True
লিগেরও,লিগ+ের+ও,লিগ,লিগ,True
লোহারপাড়া,লোহা+র+পাড়া,লোহা,লোহারপাড়া,False
লোকজনের,লোক+জন+ের,লোক,লোকজন,False
লোকজনও,লোক+জন+ও,লোক,লোকজন,False
লোকসাহিত্যে,লোক+সাহিত্য+ে,লোক,লোকসাহিত্য,False
লোন,লোন,লোন,লোন,True
লুফে,লুফ+ে,লুফ,লুফ,True
লগ্নি,লগ্নি,লগ্নি,লগ্নি,True
লড়বে,"লড়+বে, লড়+ব+ে",লড়,লড়,True
মৌমাছিদের,মৌ+মাছি+দের,মৌ,মৌমাছি,False
মাসে,মাস+ে,মাস,মাস,True
মাতালেন,মাত+া+ল+ে+ন,মাত,মাতা,False
মাতৃভাষাকে,মাতৃ+ভাষা+কে,মাতৃ,মাতৃভাষা,False
মাত্রার,মাত্রা+র,মাত্রা,মাত্রা,True
মাদুর,মাদুর,মাদুর,মাদুর,True
মাদ্রাসাছাত্রী,মাদ্রাসা+ছাত্র+ী,মাদ্রাসা,মাদ্রাসাছাত্রী,False
মাদ্রাসাছাত্রদের,মাদ্রাসা+ছাত্র+দের,মাদ্রাসা,মাদ্রাসাছাত্র,False
মাদ্রাসার,মাদ্রাসা+র,মাদ্রাসা,মাদ্রাসা,True
মাদ্রাসায়ে,"মাদ্রাসা+য়+ে, মাদ্রাসা+য়ে",মাদ্রাসা,মাদ্রাস,False
মাথা,মাথা,মাথা,মাথা,True
মাথাব্যথার,মাথা+ব্যথা+র,মাথা,মাথাব্যথা,False
মাথায়,মাথা+য়,মাথা,মাথায়,False
মাইকিংয়ের,মাইক+িং+য়ের,মাইক,মাইকিংয়,False
মাইক্রোর,মাইক্রো+র,মাইক্রো,মাইক্রোর,False
মালে,মাল+ে,মাল,মাল,True
মালিকদের,মালিক+দের,মালিক,মালিক,True
মামলা,মামলা,মামলা,মামলা,True
মানি,মানি,মানি,মানি,True
মানুষ,মানুষ,মানুষ,মানুষ,True
মানবাধিকারই,"1 মানব+াধিকার+ই, মানব+অধিকার+ই",1 মানব,মানবাধিকা,False
মারামারি,মার+া+মার+ি,মার,মারামারি,False
মারছে,মার+ছে,মার,মার,True
মারণ,মারণ,মারণ,মারণ,True
মাঝামাঝিতে,মাঝা+মাঝি+তে,মাঝা,মাঝামাঝি,False
মাঝেমধ্যে,মাঝ+ে+মধ্য+ে,মাঝ,মাঝেমধ্যে,False
মাঝেরছড়া,মাঝের+ছড়া,মাঝের,মাঝেরছড়া,False
মাঠেও,মাঠ+ে+ও,মাঠ,মাঠ,True
মাঠবিষয়ক,মাঠ+বিষয়+ক,মাঠ,মাঠবিষয়ক,False
মায়াকে,মায়া+কে,মায়া,মায়া,True
মায়ার,মায়া+র,মায়া,মায়া,True
মায়েরই,মা+য়ের+ই,মা,মায়,False
মধ্যভাগে,মধ্য+ভাগ+ে,মধ্য,মধ্যভাগ,False
মধ্যে,মধ্য+ে,মধ্য,মধ্যে,False
মধ্যমাঠে,মধ্য+মাঠ+ে,মধ্য,মধ্যমাঠ,False
মেজাজটাই,মেজাজ+টা+ই,মেজাজ,মেজাজ,True
মেসেজটি,মেসেজ+টি,মেসেজ,মেসেজ,True
মেইলটি,মেইল+টি,মেইল,মেইল,True
মেলাকে,মেলা+কে,মেলা,মেলা,True
মেলেনি,মেলে+নি,মেলে,মেলেনি,False
মেম্বাররা,মেম্বার+রা,মেম্বার,মেম্বা,False
মেরেছিল,"মেরে+ছি+ল, মেরে+ছিল",মেরে,মার,False
মেটানো,মেটা+নো,মেটা,মেটানো,False
মেয়েদেরই,মেয়ে+দের+ই,মেয়ে,মেয়ে,True
মিছিলে,মিছিল+ে,মিছিল,মিছ,False
মিলেছে,"মিল+ে+ছে, মিল+ে+ছ+ে",মিল,মিল,True
মিনিমাম,মিনিমাম,মিনিমাম,মিনিমাম,True
মিটারে,মিটার+ে,মিটার,মিটা,False
মিটারসহ,মিটার+সহ,মিটার,মিটারসহ,False
মজাই,মজা+ই,মজা,মজা,True
মজুরির,মজুর+ির,মজুর,মজুরি,False
মজলিশ,মজলিশ,মজলিশ,মজলিশ,True
মণিকোঠায়,মণি+কোঠা+য়,মণি,মণিকোঠায়,False
মোহনীয়,মোহনী+য়,মোহনী,মোহনীয়,False
মোকাবিলা,মোকাবিলা,মোকাবিলা,মোকাবিলা,True
মোটা,মোটা,মোটা,মোটা,True
মোটরসাইকেলে,মোটর+সাইকেল+ে,মোটর,মোটরসাইকেল,False
মৃতদেহের,মৃত+দেহ+ের,মৃত,মৃতদেহ,False
মসজিদকে,মসজিদ+কে,মসজিদ,মসজিদ,True
মতোই,মতো+ই,মতো,মত,False
মত্স্য,মত্স্য,মত্স্য,মত্স্য,True
মত্স্যজীবীর,"1 মত্স্য+জীবী+র, মত্স্য+জীবি+র",1 মত্স্য,মত্স্যজীবীর,False
মুখ্য,মুখ্য,মুখ্য,মুখ্য,True
মুণ্ডুটি,মুণ্ডু+টি,মুণ্ডু,মুণ্ডু,True
মুদ্রাবাজারের,মুদ্রা+বাজার+ের,মুদ্রা,মুদ্রাবাজার,False
মুহূর্তটি,মুহূর্ত+টি,মুহূর্ত,মুহূর্ত,True
মুহ্যমান,মুহ্য+মান,মুহ্য,মুহ্য,True
মুকুটটাও,মুকুট+টা+ও,মুকুট,মুকুট,True
মুক্ত,মুক্ত,মুক্ত,মুক্ত,True
মুক্তিযুদ্ধই,মুক্তি+যুদ্ধ+ই,মুক্তি,মুক্তিযুদ্ধ,False
মুক্তবাণিজ্যের,মুক্ত+বাণিজ্য+ের,মুক্ত,মুক্তবাণিজ্য,False
মুট,মুট,মুট,মুট,True
মুঠোতেই,মুঠো+তে+ই,মুঠো,মুঠো,True
মূলমন্ত্রে,মূল+মন্ত্র+ে,মূল,মূলমন্ত্র,False
মূল্যবান,মূল্য+বান,মূল্য,মূল্য,True
মূর্ত,মূর্ত,মূর্ত,মূর্ত,True
মহাসমাবেশের,মহা+সমাবেশ+ের,মহা,মহাসমাবেশ,False
মহাপুলিশ,মহা+পুলিশ,মহা,মহাপুলিশ,False
মহলের,মহল+ের,মহল,মহল,True
মনমোহন,মন+মোহন,মন,মনমোহন,False
মন্ত্রী,মন্ত্রী,মন্ত্রী,মন্ত্রী,True
মন্ত্রীরাই,মন্ত্রী+রা+ই,মন্ত্রী,মন্ত্রীরা,False
মন্ত্রণালয়ভিত্তিক,মন্ত্রণালয়+ভিত্তি+ক,মন্ত্রণালয়,মন্ত্রণালয়ভিত্তিক,False
মন্ত্রণালয়গুলো,মন্ত্রণালয়+গুলো,মন্ত্রণালয়,মন্ত্রণালয়,True
মন্দের,মন্দ+ের,মন্দ,মন্,False
মন্থর,মন্থর,মন্থর,মন্থর,True
মরিচসহ,মরিচ+সহ,মরিচ,মরিচসহ,False
মরদেহের,মর+দেহ+ের,মর,মরদেহ,False
মর্যাদাভিত্তিক,মর্যাদা+ভিত্তিক,মর্যাদা,মর্যাদাভিত্তিক,False
মর্যাদাপূর্ণ,মর্যাদা+পূর্ণ,মর্যাদা,মর্যাদাপূর্ণ,False
মঠে,মঠ+ে,মঠ,মঠ,True
ম্যাজিক,ম্যাজিক,ম্যাজিক,ম্যাজিক,True
ম্যাচের,ম্যাচ+ের,ম্যাচ,ম্যাচ,True
ম্যানেজারও,ম্যানেজ+ার+ও,ম্যানেজ,ম্যানেজা,False
ম্রিয়মাণ,ম্রিয়+মাণ,ম্রিয়,ম্রিয়মাণ,False
নৈতিকভাবে,নৈতিক+ভাব+ে,নৈতিক,নৈতিকভাব,False
নীল,নীল,নীল,নীল,True
নীলনকশা,নীল+নকশা,নীল,নীলনকশা,False
নীরবতাই,নীরব+তা+ই,নীরব,নীরবতা,False
নৌঘঁাটিতে,নৌ+ঘঁাটি+তে,নৌ,নৌঘঁা,False
নৌবহর,নৌ+বহর,নৌ,নৌবহর,False
নৌপরিবহনমন্ত্রীর,নৌ+পরি+বহন+মন্ত্রী+র,নৌ,নৌপরিবহনমন্ত্রীর,False
নাস্তানাবুদ,নাস্তানাবুদ,নাস্তানাবুদ,নাস্তানাবুদ,True
নাগ,নাগ,নাগ,নাগ,True
নাগেশ্বরী,"1 নাগ+েশ্বর+ী, নাগ+ঈশ্বর+ী",1 নাগ,নাগেশ্বরী,False
নালার,নালা+র,নালা,নালা,True
নামেনি,নাম+ে+নি,নাম,নামেনি,False
নামের,নাম+ের,নাম,নাম,True
নামোল্লেখ,"1 নাম+উল্লেখ, নাম+োল্লেখ",1 নাম,নামোল্লেখ,False
নারীদের,নারী+দের,নারী,নারী,True
নাটকে,নাটক+ে,নাটক,নাট,False
নাটমণ্ডল,নাট+মণ্ডল,নাট,নাটমণ্ডল,False
নাট্যদল,নাট্য+দল,নাট্য,নাট্যদল,False
নাট্যমেলা,নাট্য+মেলা,নাট্য,নাট্যমেলা,False
নেসা,নেসা,নেসা,নেসা,True
নেতাও,নেতা+ও,নেতা,নেতা,True
নেতৃত্ব,নেতৃ+ত্ব,নেতৃ,নেতৃত্ব,False
নেত্রীরা,নেত্রী+রা,নেত্রী,নেত্রী,True
নেগোসিয়েশন,নেগোসিয়েশন,নেগোসিয়েশন,নেগোসিয়েশন,True
নেই,নেই,নেই,নেই,True
নেওয়াটাও,নেওয়া+টা+ও,নেওয়া,নেওয়াটাও,False
নেওয়ায়,নেওয়া+য়,নেওয়া,নেওয়ায়,False
নষ্ট,নষ্ট,নষ্ট,নষ্ট,True
নিধন,নিধন,নিধন,নিধন,True
নিষ্পত্তির,নিষ্পত্তি+র,নিষ্পত্তি,নিষ্পত্তি,True
নিজে,নিজ+ে,নিজ,নিজ,True
নিজেকে,নিজ+ে+কে,নিজ,নিজ,True
নিত,নিত,নিত,নিত,True
নিতে,নিত+ে,নিত,নিত,True
নিচ্ছে,"নি+চ্ছ+ে, নি+চ্ছে",নি,নেয়,False
নিদ্রায়,নিদ্রা+য়,নিদ্রা,নিদ্রায়,False
নিকেতন,নিকেতন,নিকেতন,নিকেতন,True
নিকটাত্মীয়দের,"1 নিকট+াত্ম+ীয়+দের, নিকট+আত্ম+ীয়+দের",1 নিকট,নিকটাত্মীয়,False
নিম্নমানের,নিম্ন+মান+ের,নিম্ন,নিম্ন,True
নিন্দা,নিন্দা,নিন্দা,নিন্দা,True
নিপীড়িতের,নি+পীড়িত+ের,নি,নিপীড়িত,False
নিরানন্দ,"1 নির+ানন্দ, নির+আনন্দ",1 নির,নিরানন্দ,False
নিরাপত্তাবলয়,নিরাপত্তা+বলয়,নিরাপত্তা,নিরাপত্তাবলয়,False
নিরাপত্তাহানির,নিরাপত্তা+হানি+র,নিরাপত্তা,নিরাপত্তাহানির,False
নিরাপত্তারক্ষী,নিরাপত্তা+রক্ষ+ী,নিরাপত্তা,নিরাপত্তারক্ষী,False
নিরাপদেই,নিরাপদ+ে+ই,নিরাপদ,নিরাপদ,True
নির্বাচনী,নির্বাচন+ী,নির্বাচন,নির্বাচনী,False
নির্যাতন,নির্যাতন,নির্যাতন,যাতন,False
নির্যাতনসহ,নির্যাতন+সহ,নির্যাতন,যাতনসহ,False
নির্মাণ,নির্মাণ,নির্মাণ,মাণ,False
নির্মাতারা,নির্মাতা+রা,নির্মাতা,মাতা,False
নিশর্ত,নি+শর্ত,নি,নিশর্ত,False
নিশর্তভাবে,নি+শর্ত+ভাব+ে,নি,নিশর্তভাব,False
নিশ্বাস,নি+শ্বাস,নি,নিশ্বাস,False
নিশ্চয়ই,নিশ্চয়+ই,নিশ্চয়,নিশ্চয়,True
নিয়েছিল,"নি+য়ে+ছি+ল, নি+য়ে+ছিল",নি,নিয়,False
নিয়ম,নিয়ম,নিয়ম,নিয়ম,True
নিয়ন্ত্রণ,নিয়ন্ত্রণ,নিয়ন্ত্রণ,নিয়ন্ত্রণ,True
নজরদারিও,নজর+দারি+ও,নজর,নজরদারি,False
নবাবচর,নবাব+চর,নবাব,নবাবচর,False
নবায়নের,নবায়ন+ের,নবায়ন,নবায়ন,True
নবকুমার,নব+কুমার,নব,নবকুমা,False
নকলমুক্ত,নকল+মুক্ত,নকল,নকলমুক্ত,False
নলগোলা,নল+গোলা,নল,নলগোলা,False
নমুনায়,নমুনা+য়,নমুনা,নমুনায়,False
নন্দীপাড়ায়,নন্দী+পাড়া+য়,নন্দী,নন্দীপাড়ায়,False
নরহত্যার,নর+হত্যা+র,নর,নরহত্যা,False
নরক,নরক,নরক,নরক,True
নড়াচড়ার,নড়া+চড়া+র,নড়া,নড়াচড়া,False
ওভার,ওভার,ওভার,ওভা,False
ওষুধনীতির,ওষুধ+নীতি+র,ওষুধ,ওষুধনীতি,False
ওল্টালে,ওল্টা+লে,ওল্টা,ওল্টাল,False
ওপরতলায়,ওপর+তল+া+য়,ওপর,ওপরতলায়,False
ওপরও,ওপর+ও,ওপর,ওপরও,False
ওঠাই,ওঠ+া+ই,ওঠ,ওঠা,False
ওঠারও,ওঠ+া+র+ও,ওঠ,ওঠারও,False
ওয়াকওভারও,ওয়াক+ওভার+ও,ওয়াক,ওয়াকওভারও,False
পঁাচবার,পঁাচ+বার,পঁাচ,পঁাচবা,False
পঁুজিবাজারে,পঁুজি+বাজার+ে,পঁুজি,পঁুজিবাজা,False
পঁুটলি,পঁুট+লি,পঁুট,পঁুট,True
পীরগাছার,পীর+গাছ+ার,পীর,পীরগাছা,False
পৌঁছার,পৌঁছ+ার,পৌঁছ,পৌঁছা,False
পৌঁছবে,"পৌঁছ+বে, পৌঁছ+ব+ে",পৌঁছ,পৌঁছব,False
পৌরবাসীকে,পৌর+বাস+ী+কে,পৌর,পৌরবাসী,False
পাঁচ,পাঁচ,পাঁচ,পাঁচ,True
পাখিবাস,পাখি+বাস,পাখি,পাখিবাস,False
পাস,পাস,পাস,পাস,True
পাসপোর্টধারী,পাসপোর্ট+ধার+ী,পাসপোর্ট,পাসপোর্টধারী,False
পাতলা,পাতলা,পাতলা,পাতলা,True
পাঞ্জাবি,"পাঞ্জাবি, পাঞ্জাব+ি",পাঞ্জাবি,পাঞ্জাবি,True
পাবগুলোর,পাব+গুলো+র,পাব,পাব,True
পাচারকে,পাচার+কে,পাচার,পাচা,False
পাহাড়ছড়া,পাহাড়+ছড়া,পাহাড়,পাহাড়ছড়া,False
পাই,পাই,পাই,পাই,True
পালা,পালা,পালা,পালা,True
পানীয়,পান+ীয়,পান,পানীয়,False
পানি,"পানি, পান+ি",পানি,পানি,True
পানগাছ,পান+গাছ,পান,পানগা,False
পাওনা,পাওনা,পাওনা,পাওনা,True
পাওনাটা,পাওনা+টা,পাওনা,পাওনা,True
পাওয়ারকে,পাওয়ার+কে,পাওয়ার,পাওয়া,False
পাপ,পাপ,পাপ,পাপ,True
পারছেই,"পার+ছে+ই, পার+ছ+ে+ই, পার+ছেই",পার,পার,True
পারছি,"পার+ছ+ি, পার+ছি",পার,পার,True
পারেই,পার+ে+ই,পার,পার,True
পারতেন,"পার+ত+ে+ন, পার+তে+ন",পার,পারত,False
পারদর্শী,পারদর্শী,পারদর্শী,পারদর্শী,True
পারলাম,"পার+ল+াম, পার+লাম",পার,পার,True
পারলেও,"পার+ল+ে+ও, পার+লে+ও",পার,পারল,False
পাঠানোটা,পাঠা+নো+টা,পাঠা,পাঠানো,False
পাড়াগঁায়ে,পাড়া+গঁা+য়ে,পাড়া,পাড়াগঁ,False
পাড়ের,পাড়+ের,পাড়,পাড়,True
পেঁৗছাতেই,পেঁৗছ+া+তে+ই,পেঁৗছ,পেঁৗছা,False
পেঁয়াজসহ,পেঁয়াজ+সহ,পেঁয়াজ,পেঁয়াজসহ,False
পেছনে,পেছন+ে,পেছন,পেছনে,False
পেইন্টিং,পেইন্ট+িং,পেইন্ট,পেইন্টিং,False
পেনাল্টিকে,পেনাল্টি+কে,পেনাল্টি,পেনাল্,False
পেরেছিল,"1 পের+ে+ছিল, পের+ে+ছি+ল, পার+ে+ছিল, পার+ে+ছি+ল",1 পের,পার,False
পেশাতেই,পেশা+তে+ই,পেশা,পেশা,True
পেশার,পেশা+র,পেশা,পেশা,True
পেটের,পেট+ের,পেট,পেট,True
পিছুটান,পিছু+টান,পিছু,পিছুটান,False
পিছল,পিছল,পিছল,পিছল,True
পিজাকে,পিজা+কে,পিজা,পিজা,True
পিসি,পিসি,পিসি,পিসি,True
পিতা,পিতা,পিতা,পিতা,True
পিতৃপুরুষের,পিতৃ+পুরুষ+ের,পিতৃ,পিতৃপুরুষ,False
পিওন,পিওন,পিওন,পিওন,True
পিয়া,পিয়া,পিয়া,পিয়া,True
পোষালে,"পোষ+া+লে, পোষ+া+ল+ে",পোষ,পোষাল,False
পৃষ্ঠা,পৃষ্ঠা,পৃষ্ঠা,পৃষ্ঠা,True
পৃষ্ঠপোষকতায়,পৃষ্ঠ+পোষ+ক+তা+য়,পৃষ্ঠ,পৃষ্ঠপোষকতায়,False
পৃথককরণে,পৃথক+করণ+ে,পৃথক,পৃথককরণ,False
পত্তন,পত্তন,পত্তন,পত্তন,True
পত্র,পত্র,পত্র,পত্র,True
পত্রপত্রিকায়,"পত্র+পত্রিকা+য়, পত্র+পত্র+িকা+য়",পত্র,পত্রপত্রিকায়,False
পুঁজিটাও,পুঁজি+টা+ও,পুঁজি,পুঁজি,True
পুতে,পুতে,পুতে,পুত,False
পুতুলনাচের,পুতুল+নাচ+ের,পুতুল,পুতুলনাচ,False
পুকুরটিও,পুকুর+টি+ও,পুকুর,পুকুর,True
পুলিশপ্রধান,পুলিশ+প্রধান,পুলিশ,পুলিশপ্রধান,False
পুনঃউদ্বুদ্ধকরণ,পুনঃ+উদ্বুদ্ধ+করণ,পুনঃ,পুনঃউদ্বুদ্ধকরণ,False
পুনচ,পুনচ,পুনচ,পুনচ,True
পুনর্জন্ম,পুনর্+জন্ম,পুনর্,পুনর্জন্ম,False
পুরেছে,"পুর+ে+ছে, পুর+ে+ছ+ে",পুর,পুর,True
পূজা,পূজা,পূজা,পূজা,True
পঞ্চম,পঞ্চ+ম,পঞ্চ,পঞ্চম,False
পদমর্যাদার,পদ+মর্যাদা+র,পদ,পদমর্যাদা,False
পদপ্রার্থী,পদ+প্রার্থী,পদ,পদপ্রার্থী,False
পদ্ধতি,পদ্ধতি,পদ্ধতি,পদ্ধতি,True
পদ্মা,পদ্মা,পদ্মা,পদ্মা,True
পদ্মপুকুরে,পদ্ম+পুকুর+ে,পদ্ম,পদ্মপুকুর,False
পথচলা,পথ+চলা,পথ,পথচলা,False
পথপ্রদর্শকও,পথ+প্রদর্শক+ও,পথ,পথপ্রদর্শক,False
পক্ষ,পক্ষ,পক্ষ,পক্ষ,True
পক্ষের,পক্ষ+ের,পক্ষ,পক্ষ,True
পলিপাড়া,পলি+পাড়া,পলি,পলিপাড়া,False
পলিটিক্সের,পলিটিক্স+ের,পলিটিক্স,পলিটিক্স,True
পল্লীতে,পল্লী+তে,পল্লী,পল্লী,True
পল্লবিত,পল্লব+িত,পল্লব,পল্লবিত,False
পরাজয়ের,পরা+জয়+ের,জয়,জয়,True
পরাস্ত,পরাস্ত,পরাস্ত,স্ত,False
পরিধান,পরিধান,পরিধান,ধান,False
পরিস্রুত,পরি+স্রুত,স্রুত,স্রুত,True
পরিবারকে,পরিবার+কে,পরিবার,বা,False
পরিবেশিত,পরিবেশ+িত,পরিবেশ,বেশিত,False
পরিবেশনাকে,পরিবেশ+না+কে,পরিবেশ,বেশনা,False
পরিবর্তনে,পরিবর্তন+ে,পরিবর্তন,পরিবর্তন,True
পরিচালকমণ্ডলীর,পরি+চালক+মণ্ডলী+র,চালক,চালকমণ্ডলীর,False
পরিচ্ছন্ন,"পরিচ্ছন্ন, পরি+চ্ছন্ন",পরিচ্ছন্ন,চ্ছন্ন,False
পরিদর্শনসহ,পরি+দর্শন+সহ,দর্শন,দর্শনসহ,False
পরিমার্জন,পরি+মার্জন,মার্জন,মার্জন,True
পরিপূর্ণতা,পরি+পূর্ণ+তা,পূর্ণ,পূর্ণতা,False
পরম্পরার,পরম্পরা+র,পরম্পরা,পরম্পরা,True
পরও,পর+ও,পর,পর,True
পররাষ্ট্রমন্ত্রীদের,পর+রাষ্ট্র+মন্ত্রী+দের,পর,পররাষ্ট্রমন্ত্রী,False
পরশ্রীকাতরতা,পর+শ্রী+কাতর+তা,পর,পরশ্রীকাতরতা,False
পর্ব,পর্ব,পর্ব,পর্ব,True
পর্বেই,পর্ব+ে+ই,পর্ব,পর্ব,True
পর্যবেক্ষণকে,পর্যবেক্ষণ+কে,পর্যবেক্ষণ,পর্যবেক্ষণ,True
পর্যটকশূন্য,পর্যটক+শূন্য,পর্যটক,পর্যটকশূন্য,False
পশু,পশু,পশু,পশু,True
পশ্চিম,পশ্চিম,পশ্চিম,পশ্চিম,True
পশ্চিমবঙ্গ,পশ্চিম+বঙ্গ,পশ্চিম,পশ্চিমবঙ্গ,False
পট্টির,পট্টি+র,পট্টি,পট্,False
পড়াচ্ছেন,"পড়+া+চ্ছে+ন, পড়+া+চ্ছ+ে+ন",পড়,পড়,True
পড়াশোনা,পড়+া+শোন+া,পড়,পড়াশোনা,False
পড়ছেন,"পড়+ছে+ন, পড়+ছ+ে+ন",পড়,পড়,True
প্ল্যাটফরমে,প্ল্যাটফরম+ে,প্ল্যাটফরম,প্ল্যাটফরম,True
প্রাধ্যক্ষদের,প্রাধ্যক্ষ+দের,প্রাধ্যক্ষ,প্রাধ্যক্ষ,True
প্রাবন্ধিক,"1 প্রাবন্ধ+িক, প্রবন্ধ+িক",1 প্রাবন্ধ,প্রাবন্ধিক,False
প্রাচীর,প্রাচীর,প্রাচীর,প্রাচীর,True
প্রাক,প্রাক,প্রাক,প্রাক,True
প্রাক্তন,প্রাক্তন,প্রাক্তন,প্রাক্তন,True
প্রাঙ্গণ,প্রাঙ্গণ,প্রাঙ্গণ,প্রাঙ্গণ,True
প্রাঙ্গণে,প্রাঙ্গণ+ে,প্রাঙ্গণ,প্রাঙ্গণ,True
প্রভাবও,প্রভাব+ও,প্রভাব,প্রভাব,True
প্রধানমন্ত্রীকে,প্রধান+মন্ত্রী+কে,প্রধান,প্রধানমন্ত্রী,False
প্রেসকে,প্রেস+কে,প্রেস,প্রেস,True
প্রিয়,প্রিয়,প্রিয়,প্রিয়,True
প্রোডাক্ট,প্রোডাক্ট,প্রোডাক্ট,প্রোডাক্ট,True
প্রসঙ্গে,প্রসঙ্গ+ে,প্রসঙ্গ,প্রসঙ্গ,True
প্রস্তুত,প্রস্তুত,প্রস্তুত,প্রস্তুত,True
প্রতীয়মান,প্রতীয়+মান,প্রতীয়,প্রতীয়,True
প্রতাপের,প্রতাপ+ের,প্রতাপ,প্রতাপ,True
প্রতারণার,প্রতারণ+া+র,প্রতারণ,প্রতারণার,False
প্রতিফলন,"প্রতিফলন, প্রতি+ফলন",প্রতিফলন,ফলন,False
প্রতিস্থাপন,প্রতি+স্থাপন,স্থাপন,স্থাপন,True
প্রতিবাদী,প্রতিবাদ+ী,প্রতিবাদ,বাদী,False
প্রতিবাদের,প্রতিবাদ+ের,প্রতিবাদ,বা,False
প্রতিবেদককে,প্রতিবেদক+কে,প্রতিবেদক,বেদক,False
প্রতিবেদনটিও,প্রতিবেদন+টি+ও,প্রতিবেদন,বেদন,False
প্রতিবন্ধীরা,প্রতি+বন্ধ+ী+রা,বন্ধ,বন্ধী,False
প্রতিবন্ধিতা,"1 প্রতি+বন্ধ+ি+তা, প্রতি+বন্ধ+ী+তা",1 প্রতি,বন্ধিতা,False
প্রতিবন্ধকতা,প্রতি+বন্ধ+ক+তা,বন্ধ,বন্ধকতা,False
প্রতিদিন,প্রতি+দিন,দিন,দিন,True
প্রতিনিধি,প্রতিনিধি,প্রতিনিধি,নিধি,False
প্রতিপক্ষ,প্রতি+পক্ষ,পক্ষ,পক্ষ,True
প্রতিপক্ষদের,প্রতি+পক্ষ+দের,পক্ষ,পক্ষ,True
প্রতিরোধের,প্রতি+রোধ+ের,রোধ,রোধ,True
প্রতিশোধও,প্রতি+শোধ+ও,শোধ,শোধ,True
প্রতিশব্দ,প্রতি+শব্দ,শব্দ,শব্দ,True
প্রত্যাহারেরও,প্রত্যাহার+ের+ও,প্রত্যাহার,প্রত্যাহার,True
প্রত্যেকটির,প্রত্যেক+টি+র,প্রত্যেক,প্রত্যেক,True
প্রত্যক্ষভাবে,প্রত্যক্ষ+ভাব+ে,প্রত্যক্ষ,প্রত্যক্ষভাব,False
প্রত্যক্ষদর্শীর,প্রত্যক্ষ+দর্শ+ী+র,প্রত্যক্ষ,প্রত্যক্ষদর্শীর,False
প্রবীণ,প্রবীণ,প্রবীণ,প্রবীণ,True
প্রবেশ,প্রবেশ,প্রবেশ,প্রবেশ,True
প্রবেশমূল্য,প্রবেশ+মূল্য,প্রবেশ,প্রবেশমূল্য,False
প্রবর্তনেরই,প্রবর্তন+ের+ই,প্রবর্তন,প্রবর্তন,True
প্রচুর,প্রচুর,প্রচুর,প্রচুর,True
প্রচ্ছদে,প্রচ্ছদ+ে,প্রচ্ছদ,প্রচ্ছদ,True
প্রদান,প্রদান,প্রদান,প্রদান,True
প্রদানকারীকে,প্রদান+কার+ী+কে,প্রদান,প্রদানকারী,False
প্রথমসারিতে,প্রথম+সারি+তে,প্রথম,প্রথমসারি,False
প্রহরীটি,প্রহরী+টি,প্রহরী,প্রহরী,True
প্রযোজ্য,প্রযোজ্য,প্রযোজ্য,প্রযোজ্য,True
প্রকাশনা,প্রকাশ+ন+া,প্রকাশ,প্রকাশনা,False
প্রক্রিয়াটি,প্রক্রিয়া+টি,প্রক্রিয়া,প্রক্রিয়া,True
প্রমাণে,প্রমাণ+ে,প্রমাণ,প্রমাণ,True
প্রমাণটা,প্রমাণ+টা,প্রমাণ,প্রমাণ,True
প্রশাসনহীনতা,"প্রশাসন+হীন+তা, প্র+শাসন+হীন+তা",প্রশাসন,প্রশাসনহীনতা,False
প্রশাসনযন্ত্রগুলোর,"প্রশাসন+যন্ত্র+গুলো+র, প্র+শাসন+যন্ত্র+গুলো+র",প্রশাসন,প্রশাসনযন্ত্র,False
প্রশিক্ষণার্থীর,"1 প্র+শিক্ষণ+ার্থী+র, প্র+শিক্ষণ+আর্থী+র",1 প্র,প্রশিক্ষণার্থীর,False
প্রশিক্ষণে,প্র+শিক্ষণ+ে,প্র,প্রশিক্ষণ,False
প্রশিক্ষণের,প্র+শিক্ষণ+ের,প্র,প্রশিক্ষণ,False
প্রশিক্ষণপ্রাপ্ত,প্র+শিক্ষণ+প্রাপ্ত,প্র,প্রশিক্ষণপ্রাপ্ত,False
প্রশস্তকরণে,প্রশস্ত+করণ+ে,প্রশস্ত,প্রশস্তকরণ,False
প্রশমনেও,প্রশমন+ে+ও,প্রশমন,প্রশমন,True
প্রয়াণ,প্রয়াণ,প্রয়াণ,প্রয়াণ,True
রীতি,রীতি,রীতি,রীতি,True
রাষ্ট্রধর্ম,রাষ্ট্র+ধর্ম,রাষ্ট্র,রাষ্ট্রধর্ম,False
রাষ্ট্রব্যবস্থার,রাষ্ট্র+ব্যবস্থা+র,রাষ্ট্র,রাষ্ট্রব্যবস্থা,False
রাজনীতিসচেতন,রাজনীতি+সচেতন,রাজনীতি,রাজনীতিসচেতন,False
রাখছে,"রাখ+ছ+ে, রাখ+ছে",রাখ,রাখ,True
রাখছেন,"রাখ+ছেন, রাখ+ছে+ন, রাখ+ছ+ে+ন",রাখ,রাখ,True
রাখে,রাখ+ে,রাখ,রাখ,True
রাখেন,রাখ+ে+ন,রাখ,রাখ,True
রাস্তাঘাট,রাস্তা+ঘাট,রাস্তা,রাস্তাঘাট,False
রাগত,রাগত,রাগত,রাগত,True
রান,রান,রান,রান,True
রেখা,রেখা,রেখা,রেখা,True
রেখেছিল,"রেখ+ে+ছি+ল, রেখ+ে+ছ+ি+ল",রেখ,রাখ,False
রেকর্ডটাকে,রেকর্ড+টা+কে,রেকর্ড,রেকর্ড,True
রেলস্টেশনে,রেল+স্টেশন+ে,রেল,রেলস্টেশনে,False
রেলওয়ের,রেল+ওয়ে+র,রেল,রেলওয়,False
রেশনিং,রেশন+িং,রেশন,রেশনিং,False
রঘুনন্দন,রঘু+নন্দন,রঘু,রঘুনন্দন,False
রিপোর্টেও,রিপোর্ট+ে+ও,রিপোর্ট,রিপোর্ট,True
রজতজয়ন্তী,রজত+জয়ন্তী,রজত,রজতজয়ন্তী,False
রোববার,রোব+বার,রোব,রোববা,False
রোদন,রোদ+ন,রোদ,রোদন,False
রোগে,রোগ+ে,রোগ,রোগ,True
রফা,রফা,রফা,রফা,True
রচনাসম্ভার,রচনা+সম্ভার,রচনা,রচনাসম্ভা,False
রচনার,রচনা+র,রচনা,রচনা,True
রহস্যময়,রহস্য+ময়,রহস্য,রহস্যময়,False
রক্ষা,রক্ষা,রক্ষা,রক্ষা,True
রশিতে,রশি+তে,রশি,রশি,True
শীতাতপনিয়ন্ত্রণ,শীতাতপ+নিয়ন্ত্রণ,শীতাতপ,শীতাতপনিয়ন্ত্রণ,False
শীর্ষ,শীর্ষ,শীর্ষ,শীর্ষ,True
শাসকদল,শাসক+দল,শাসক,শাসকদল,False
শাসন,শাসন,শাসন,শাসন,True
শান্তিপূর্ণ,শান্ত+ি+পূর্ণ,শান্ত,শান্তিপূর্ণ,False
শাড়িটির,শাড়ি+টি+র,শাড়ি,শাড়ি,True
শেভ,শেভ,শেভ,শেভ,True
শেষে,শেষ+ে,শেষ,শেষে,False
শেষোক্তদের,"1 শেষ+োক্ত+দের, শেষ+উক্ত+দের",1 শেষ,শেষোক্ত,False
শেয়ারধারক,শেয়ার+ধারক,শেয়ার,শেয়ারধারক,False
শিষ্টাচারের,"1 শিষ্ট+াচার+ের, শিষ্ট+আচার+ের",1 শিষ্ট,শিষ্টাচার,False
শিখাটাকেও,শিখা+টা+কে+ও,শিখা,শিখা,True
শিখে,শিখ+ে,শিখ,শিখ,True
শিকল,শিকল,শিকল,শিকল,True
শিক্ষাক্রম,শিক্ষা+ক্রম,শিক্ষা,শিক্ষাক্রম,False
শিক্ষাপ্রতিষ্ঠানসমূহে,শিক্ষা+প্রতিষ্ঠান+সমূহ+ে,শিক্ষা,শিক্ষাপ্রতিষ্ঠানসমূহ,False
শিক্ষিকা,শিক্ষিকা,শিক্ষিকা,শিক্ষিকা,True
শিক্ষকও,শিক্ষক+ও,শিক্ষক,শিক্ষক,True
শিল্পাঞ্চল,"শিল্প+াঞ্চল, শিল্প+অঞ্চল",শিল্প,শিল্পাঞ্চল,False
শিল্পাঙ্গনের,"শিল্প+াঙ্গন+ের, শিল্প+অঙ্গন+ের",শিল্প,শিল্পাঙ্গন,False
শিপিংয়ের,শিপ+িং+য়ের,শিপ,শিপিংয়,False
শিশুসুলভ,শিশু+সুলভ,শিশু,শিশুসুলভ,False
শিশুপুত্রসহ,শিশু+পুত্র+সহ,শিশু,শিশুপুত্রসহ,False
শিশুটিকে,শিশু+টি+কে,শিশু,শিশু,True
শিশুটির,শিশু+টি+র,শিশু,শিশু,True
শোধরাতে,শোধরা+তে,শোধরা,শোধরা,True
শোরুমের,শো+রুম+ের,শো,শোরুম,False
শোরগোল,শোর+গোল,শোর,শোরগোল,False
শৃঙ্খলাপরিপন্থী,শৃঙ্খলা+পরি+পন্থী,শৃঙ্খলা,শৃঙ্খলাপরিপন্থী,False
শতকোটি,শত+কোটি,শত,শতকো,False
শুধু,শুধু,শুধু,শুধু,True
শুষ্ক,শুষ্ক,শুষ্ক,শুষ্ক,True
শুতে,শু+তে,শু,শুত,False
শুকরিয়া,শুকরিয়া,শুকরিয়া,শুকরিয়া,True
শুল্ক,শুল্ক,শুল্ক,শুল্ক,True
শুনানিতে,শুনানি+তে,শুনানি,শুনানি,True
শুনানিকালে,শুনানি+কাল+ে,শুনানি,শুনানিকাল,False
শুনেন,শুন+ে+ন,শুন,শুন,True
শুন্য,শুন্য,শুন্য,শুন্য,True
শূন্যের,শূন্য+ের,শূন্য,শূন্য,True
শহরগুলোয়,শহর+গুলো+য়,শহর,শহরগুলোয়,False
শহরটিতে,শহর+টি+তে,শহর,শহর,True
শপিং,শপ+িং,শপ,শপিং,False
শরীরই,শরীর+ই,শরীর,শরীর,True
শরণার্থীর,শরণার্থী+র,শরণার্থী,শরণার্থীর,False
শরতের,শরত+ের,শরত,শরত,True
শ্যামা,শ্যাম+া,শ্যাম,শ্যামা,False
শ্লীলতাহানী,শ্লীল+তা+হানী,শ্লীল,শ্লীলতাহানী,False
শ্রদ্ধার,শ্রদ্ধা+র,শ্রদ্ধা,শ্রদ্ধা,True
শ্রদ্ধাশীল,শ্রদ্ধা+শীল,শ্রদ্ধা,শ্রদ্ধা,True
শ্রমঘণ্টা,শ্রম+ঘণ্টা,শ্রম,শ্রমঘণ্,False
টাইব্রেকের,টাই+ব্রেক+ের,টাই,টাইব্রেক,False
টাইগারের,টাইগার+ের,টাইগার,টাইগার,True
টাকা,টাকা,টাকা,টাকা,True
টাকাতে, টাকা+তে,টাকা,টাকা,True
টানতেই,টান+তে+ই,টান,টান,True
টাওয়ারের,টাওয়ার+ের,টাওয়ার,টাওয়ার,True
টার্গেট,টার্গেট,টার্গেট,টার্গেট,True
টার্নে,টার্ন+ে,টার্ন,টার্ন,True
টার্নিংয়ের,টার্ন+িং+য়ের,টার্ন,টার্নিংয়,False
টেকনিকেও,টেকনিক+ে+ও,টেকনিক,টেকনি,False
টেলিভিশনের,টেলিভিশন+ের,টেলিভিশন,টেলিভিশন,True
টেলিফিল্ম,টেলি+ফিল্ম,টেলি,টেলিফিল্ম,False
টেলিযোগাযোগ,টেলি+যোগাযোগ,টেলি,টেলিযোগাযোগ,False
টেনিস,টেনিস,টেনিস,টেন,False
টিনের,টিন+ের,টিন,টিন,True
টিনশেড,টিন+শেড,টিন,টিনশেড,False
টুতে,টু+তে,টু,টুত,False
টু্যরিস্ট,টু্যর+িস্ট,টু্যর,টু্যরিস্ট,False
টগবগেই,টগবগ+ে+ই,টগবগ,টগবগ,True
টর্নেডোর,টর্নেডো+র,টর্নেডো,টর্নেডোর,False
ট্যাক্স,ট্যাক্স,ট্যাক্স,ট্যাক্স,True
ট্যাঙ্কারে,ট্যাঙ্ক+ার+ে,ট্যাঙ্ক,ট্যাঙ্কা,False
ট্রেন,ট্রেন,ট্রেন,ট্র,False
উধাও,উধাও,উধাও,উধা,False
উষ্না,উষ্না,উষ্না,উষ্না,True
উত্সাহব্যঞ্জক,উত্সাহ+ব্যঞ্জক,উত্সাহ,উত্সাহব্যঞ্জক,False
উত্তীর্ণসহ,উত্তীর্ণ+সহ,উত্তীর্ণ,উত্তীর্ণসহ,False
উত্তেজনাও,উত্তেজনা+ও,উত্তেজনা,উত্তেজনা,True
উত্তোলনের,উত্তোলন+ের,উত্তোলন,উত্তোলন,True
উত্তরসূরিকে,উত্তর+সূরি+কে,উত্তর,উত্তরসূরি,False
উত্তরবঙ্গনির্ভর,উত্তর+বঙ্গ+নির্ভর,উত্তর,উত্তরবঙ্গনির্ভর,False
উত্তরটাকেও,উত্তর+টা+কে+ও,উত্তর,উত্তর,True
উত্থাপন,উত্থাপন,উত্থাপন,উত্থাপন,True
উত্থিত,উত্থিত,উত্থিত,উত্থিত,True
উত্কণ্ঠা,উত্কণ্ঠা,উত্কণ্ঠা,উত্কণ্ঠা,True
উত্কণ্ঠার,উত্কণ্ঠা+র,উত্কণ্ঠা,উত্কণ্ঠা,True
উচিত,উচিত,উচিত,উচিত,True
উচ্চারণ,উচ্চারণ,উচ্চারণ,উচ্চারণ,True
উচ্চমহলে,উচ্চ+মহল+ে,উচ্চ,উচ্চমহল,False
উহ্য,উহ্য,উহ্য,উহ্য,True
উইকেট,উইকেট,উইকেট,উইকেট,True
উনাকে,উনা+কে,উনা,উনা,True
উন্নয়নসাধন,উন্নয়ন+সাধন,উন্নয়ন,উন্নয়নসাধন,False
উপায়ও,উপায়+ও,উপায়,উপায়,True
উপজাতিকে,উপ+জাতি+কে,জাতি,জাতি,True
উপজেলাবাসীর,উপ+জেলা+বাস+ী+র,জেলা,জেলাবাসীর,False
উপবনের,উপ+বন+ের,বন,বন,True
উপদেষ্টা,উপদেষ্টা,উপদেষ্টা,দেষ্,False
উপদ্রবে,উপদ্রব+ে,উপদ্রব,দ্র,False
উপকার,উপকার,উপকার,কা,False
উপকেন্দ্রের,উপ+কেন্দ্র+ের,কেন্দ্র,কেন্দ্র,True
উপলব্ধিতে,উপলব্ধি+তে,উপলব্ধি,লব্ধি,False
উরদুতে,উরদু+তে,উরদু,উরদু,True
উর্দুকে,উর্দু+কে,উর্দু,উর্দু,True
উঠেছেন,"উঠ+ে+ছে+ন, উঠ+ে+ছ+ে+ন",উঠ,উঠ,True
উঠলেন,উঠ+ল+ে+ন,উঠ,উঠ,True
উড়োচিঠি,উড়ো+চিঠি,উড়ো,উড়োচিঠি,False
ঝামেলা,ঝামেলা,ঝামেলা,ঝামেলা,True
ঝোপঘেরা,ঝোপ+ঘের+া,ঝোপ,ঝোপঘ,False
ঝুলিয়েছে,"ঝুল+িয়ে+ছে, ঝুল+িয়ে+ছ+ে",ঝুল,ঝুল,True
ঝলসে,ঝলসে,ঝলসে,ঝলস,False
ঝড়ের,ঝড়+ের,ঝড়,ঝড়,True
ঠিকানাতেই,ঠিকানা+তে+ই,ঠিকানা,ঠিকানা,True
ঠুকে,ঠুক+ে,ঠুক,ঠুক,True
ঈদেই,ঈদ+ে+ই,ঈদ,ঈদ,True
ঈদমেলা,ঈদ+মেলা,ঈদ,ঈদমেলা,False
ঊধ্বসীমা,ঊধ্ব+সীমা,ঊধ্ব,ঊধ্বসীমা,False
ঊষা,ঊষা,ঊষা,ঊষা,True
ঋতুবৈচিত্র্যে,ঋতু+বৈচিত্র্য+ে,ঋতু,ঋতুবৈচিত্র্য,False
ঔজ্জ্বল্যে,ঔজ্জ্বল্য+ে,ঔজ্জ্বল্য,ঔজ্জ্বল্য,True
আধিক্যই,আধিক্য+ই,আধিক্য,আধিক্য,True
আঘাতকে,আঘাত+কে,আঘাত,আঘাত,True
আঘাতপ্রাপ্ত,আঘাত+প্রাপ্ত,আঘাত,আঘাতপ্রাপ্ত,False
আজন্ম,আ+জন্ম,আ,আজন্ম,False
আজ্ঞাবহ,আজ্ঞা+বহ,আজ্ঞা,আজ্ঞাবহ,False
আসামিদেরও,আসামি+দের+ও,আসামি,আসামি,True
আসছেঅর্থের,"আস+ছে+অর্থ+ের, আস+ছ+ে+অর্থ+ের",আস,আসছেঅর্থ,False
আসছেন,"আস+ছে+ন, আস+ছ+ে+ন",আস,আস,True
আসতেই,"আস+তে+ই, আস+ত+ে+ই",আস,আস,True
আসবাবপত্রও,আসবাব+পত্র+ও,আসবাব,আসবাবপত্র,False
আসবে,"আস+ব+ে, আস+বে",আস,আসব,False
আসক্তির,আসক্ত+ি+র,আসক্ত,আসক্তি,False
আসনও,আসন+ও,আসন,আসন,True
আস্তানা,আস্তানা,আস্তানা,আস্তানা,True
আস্থানায়,আস্থানা+য়,আস্থানা,আস্থানায়,False
আত্মজীবনী,আত্ম+জীবন+ী,আত্ম,আত্মজীবনী,False
আত্মগোপনকারী,আত্ম+গোপন+কার+ী,আত্ম,আত্মগোপনকারী,False
আত্মনির্ভর,আত্ম+নির্ভর,আত্ম,আত্মনির্ভর,False
আত্মনিয়ন্ত্রণ,আত্ম+নিয়ন্ত্রণ,আত্ম,আত্মনিয়ন্ত্রণ,False
আত্মপ্রতিকৃতি,আত্ম+প্রতিকৃতি,আত্ম,আত্মপ্রতিকৃতি,False
আঞ্চলিকতার,আঞ্চল+িক+তা+র,আঞ্চল,আঞ্চলিকতা,False
আবহ,আবহ,আবহ,আবহ,True
আবর্তে,আবর্ত+ে,আবর্ত,আবর্,False
আদালত,আদালত,আদালত,আদালত,True
আদালতেই,আদালত+ে+ই,আদালত,আদাল,False
আদায়,আদায়,আদায়,আদায়,True
আদেশ,আদেশ,আদেশ,আদেশ,True
আদর্শে,আদর্শ+ে,আদর্শ,আদর্শ,True
আগামীর,আ+গামী+র,আ,আগামীর,False
আহরণের,আহরণ+ের,আহরণ,আহরণ,True
আইসক্রিমগুলোর,আইস+ক্রিম+গুলো+র,আইস,আইসক্রিম,False
আইলে,আইল+ে,আইল,আইল,True
আইনানুযায়ী,"1 আইন+অনুযায়ী, আইন+ানুযায়ী",1 আইন,আইনানুযায়ী,False
আইনসচিব,আইন+সচিব,আইন,আইনসচিব,False
আকণ্ঠ,আ+কণ্ঠ,আ,আকণ্ঠ,False
আকস্নিকভাবেই,আকস্নিক+ভাব+ে+ই,আকস্নিক,আকস্নিকভাব,False
আলাপচারিতার,আলাপ+চারিতা+র,আলাপ,আলাপচারিতার,False
আলোকবালি,আলোক+বালি,আলোক,আলোকবা,False
আমাদেরটার,আমা+দের+টা+র,আমা,আমাদ,False
আমার,আমা+র,আমা,আমার,False
আমেজে,আমেজ+ে,আমেজ,আমেজ,True
আমদানিসহ,আমদানি+সহ,আমদানি,আমদানিসহ,False
আমদানিকারকের,আমদানি+কার+ক+ের,আমদানি,আমদানিকারক,False
আমদানিকারকও,আমদানি+কার+ক+ও,আমদানি,আমদানিকারক,False
আনুমানিকভাবে,1 আনুমান+িক+ভাব+ে,1 আনুমান,আনুমানিকভাব,False
আনুপাতিকভাবে,1 আনুপাত+িক+ভাব+ে,1 আনুপাত,আনুপাতিকভাব,False
আনন্দের,আনন্দ+ের,আনন্দ,আনন্,False
আনন্দমুখর,আনন্দ+মুখ+র,আনন্দ,আনন্দমুখর,False
আন্তসরকার, আন্ত+সরকার,আন্ত,আন্তসরকা,False
আন্তর্জাতিকমানের,আন্তর্+জাত+িক+মান+ের,আন্তর্,আন্তর্জাতিক,False
আন্ডারস্ট্যান্ডিংয়ের,আন্ডার+স্ট্যান্ড+িং+য়ে+র,আন্ডার,আন্ডারস্ট্যান্ডিংয়,False
আন্ডারওয়াল্ডের,আন্ডার+ওয়াল্ড+ের,আন্ডার,আন্ডারওয়াল্ড,False
আওতাধীন,আওতা+ধীন,আওতা,আওতাধীন,False
আপামর,আপামর,আপামর,আপামর,True
আপিল,আপিল,আপিল,আপিল,True
আপসহীনতার,আপস+হীন+তা+র,আপস,আপসহীনতা,False
আপনারাও,আপনা+রা+ও,আপনা,আপনারা,False
আরম্ভ,আরম্ভ,আরম্ভ,আরম্ভ,True
আর্তি,আর্ত+ি,আর্ত,আর্তি,False
আর্তনাদের,আর্ত+নাদ+ের,আর্ত,আর্তনা,False
আর্টসে,আর্টস+ে,আর্টস,আর্টস,True
আশাভঙ্গের,আশা+ভঙ্গ+ের,আশা,আশাভঙ্গ,False
আশাবাদ,আশা+বাদ,আশা,আশাবাদ,False
আশাব্যঞ্জক,আশা+ব্যঞ্জক,আশা,আশাব্যঞ্জক,False
আশায়,আশা+য়,আশা,আশায়,False
আশ্রমের,আশ্রম+ের,আশ্রম,আশ্রম,True
আশ্রয়ে,আশ্রয়+ে,আশ্রয়,আশ্রয়,True
আটঘাট,আট+ঘাট,আট,আটঘাট,False
আটজনের,আট+জন+ের,আট,আটজন,False
আটকের,আটক+ের,আটক,আটক,True
আউট,আউট,আউট,আউট,True
আউটডোরে,আউট+ডোর+ে,আউট,আউটডোর,False
আউটটা,আউট+টা,আউট,আউট,True
আয়োজন,আয়োজন,আয়োজন,আয়োজন,True
আয়োজনগুলোতে,আয়োজন+গুলো+তে,আয়োজন,আয়োজন,True
আয়ুর্বেদিক,আয়ুর্বেদ+িক,আয়ুর্বেদ,আয়ুর্বেদিক,False
আয়কর,আয়+কর,আয়,আয়,True
আড়াইহাজার,আড়াই+হাজার,আড়াই,আড়াইহাজা,False
আড়ালেই,আড়াল+ে+ই,আড়াল,আড়াল,True
ভঁুড়ি,ভঁুড়ি,ভঁুড়ি,ভঁুড়ি,True
ভাষাতেও,ভাষা+তে+ও,ভাষা,ভাষা,True
ভাষ্য, ভাষ্য,ভাষ্য,ভাষ্য,True
ভাণ্ডারে,ভাণ্ডার+ে,ভাণ্ডার,ভাণ্ডা,False
ভাস্বর,ভাস্বর,ভাস্বর,ভাস্বর,True
ভাতেও,ভাত+ে+ও,ভাত,ভাত,True
ভাবাও,ভাব+া+ও,ভাব,ভাবা,False
ভাবাপন্ন,ভাব+া+পন্ন,ভাব,ভাবাপন্ন,False
ভাবুন,ভাব+ুন,ভাব,ভাবুন,False
ভাবব,ভাব+ব,ভাব,ভাবব,False
ভাবগতিক,ভাব+গতি+ক,ভাব,ভাবগতিক,False
ভাবমূর্তিতে,ভাব+মূর্তি+তে,ভাব,ভাবমূর্তি,False
ভাবনাই,ভাব+না+ই,ভাব,ভাবনা,False
ভাগাভাগির,ভাগ+া+ভাগ+ি+র,ভাগ,ভাগাভাগি,False
ভাগ্যে,ভাগ্য+ে,ভাগ্য,ভাগ্য,True
ভাগ্যকুলে,ভাগ্য+কুল+ে,ভাগ্য,ভাগ্যকুল,False
ভালোবাসা,"ভালো+বাস+া, ভালোবাস+া",ভালো,ভালোবাসা,False
ভাঙতি,ভাঙতি,ভাঙতি,ভাঙতি,True
ভাঙবেন,"ভাঙ+ব+ে+ন, ভাঙ+বে+ন",ভাঙ,ভাঙ,True
ভাঙচুরের,ভাঙ+চুর+ের,ভাঙ,ভাঙচুর,False
ভাঙ্গায়,ভাঙ্গা+য়,ভাঙ্গা,ভাঙ্গায়,False
ভারি,ভার+ি,ভার,ভারি,False
ভাড়াবাসার,ভাড়া+বাস+া+র,ভাড়া,ভাড়,False
ভেবেছিল,"ভেব+ে+ছি+ল, ভেব+েছ+ি+ল, ভেব+ে+ছ+ি+ল",ভেব,ভাব,False
ভেন্যুটির,ভেন্যু+টি+র,ভেন্যু,ভেন্যু,True
ভেঙেছেন,"1 ভাঙ+ে+ছ+ে+ন, ভাঙ+েছ+ে+ন, ভেঙ+ে+ছ+ে+ন, ভেঙ+েছ+ে+ন",1 ভাঙ,ভাঙ,False
ভিতটি,ভিত+টি,ভিত,ভিত,True
ভিন্ন,ভিন্ন,ভিন্ন,ভিন্ন,True
ভিন্নধারার,ভিন্ন+ধারা+র,ভিন্ন,ভিন্নধারা,False
ভিটেটা,ভিটে+টা,ভিটে,ভিটে,True
ভোজ,ভোজ,ভোজ,ভোজ,True
ভোটার,ভোট+ার,ভোট,ভোটা,False
ভোটেও,ভোট+ে+ও,ভোট,ভোট,True
ভোটিং,ভোট+িং,ভোট,ভোটিং,False
ভুগি,ভুগ+ি,ভুগ,ভুগি,False
ভুলগুলো,ভুল+গুলো,ভুল,ভুল,True
ভুলক্রমে,ভুল+ক্রম+ে,ভুল,ভুলক্রম,False
ভূসম্পত্তি,ভূ+সম্পত্তি,ভূ,ভূসম্পত্তি,False
ভূতভবিষ্যত,ভূত+ভবিষ্যত,ভূত,ভূতভবিষ্যত,False
ভূতদের,ভূত+দের,ভূত,ভূত,True
ভূকম্পনটির,ভূ+কম্প+ন+টি+র,ভূ,ভূকম্পন,False
ভবনটি,ভবন+টি,ভবন,ভবন,True
ভলিতে,ভলি+তে,ভলি,ভলি,True
ভনভন,ভন+ভন,ভন,ভনভন,False
ভঙ্গিমা,ভঙ্গি+মা,ভঙ্গি,ভঙ্গিমা,False
ভরতে,ভর+তে,ভর,ভর,True
ভয়াবহ,"1 ভয়+াবহ, ভয়+আবহ",1 ভয়,ভয়াবহ,False
ভয়াবহতা,"1 ভয়+আবহ+তা, ভয়+াবহ+তা",1 ভয়,ভয়াবহতা,False
ছাত্রাবস্থায়,"1 ছাত্র+াবস্থা+য়, ছাত্র+অবস্থা+য়",1 ছাত্র,ছাত্রাবস্থায়,False
ছাত্রশিবিরকে,ছাত্র+শিবির+কে,ছাত্র,ছাত্রশিবি,False
ছাগলও,ছাগল+ও,ছাগল,ছাগল,True
ছাড়াতে,ছাড়+া+তে,ছাড়,ছাড়া,False
ছাড়ছে,"ছাড়+ছে, ছাড়+ছ+ে",ছাড়,ছাড়,True
ছাড়েননি,"ছাড়+েন+নি, ছাড়+ে+ন+নি",ছাড়,ছাড়েননি,False
ছাড়তেই,ছাড়+তে+ই,ছাড়,ছাড়,True
ছাড়করণে,ছাড়করণে,ছাড়করণে,ছাড়করণ,False
ছেলেমেয়েরা,ছেলে+মেয়ে+রা,ছেলে,ছেলেম,False
ছেলেপিলে,ছেলে+পিলে,ছেলে,ছেলেপিলে,False
ছেপেছিল,"1 ছেপ+েছ+ি+ল, ছেপ+ে+ছ+ি+ল, ছেপ+ে+ছি+ল",1 ছেপ,ছাপ,False
ছিদ্দিককে,ছিদ্দিক+কে,ছিদ্দিক,ছিদ্দিক,True
ছিলে,ছিল+ে,ছিল,ছিল,True
ছিনতাই,ছিনতাই,ছিনতাই,ছিনতা,False
ছিনতাইকারি,ছিনতাই+কার+ি,ছিনতাই,ছিনতাইকারি,False
ছুরি,ছুরি,ছুরি,ছুরি,True
ছুড়বে,ছুড়+ব+ে,ছুড়,ছুড়,True
ছুড়লে,ছুড়+ল+ে,ছুড়,ছুড়ল,False
ছবি,ছবি,ছবি,ছবি,True
ছন্দে,ছন্দ+ে,ছন্দ,ছন্দ,True
ছয়ই,ছয়+ই,ছয়,ছয়,True
ছড়াবেই,ছড়া+ব+ে+ই,ছড়া,ছড়াব,False
ছড়াচ্ছে,ছড়া+চ্ছ+ে,ছড়া,ছড়,False
ছড়ারপাড়ে,ছড়া+র+পাড়+ে,ছড়া,ছড়ারপাড়,False
ধীরগতির,ধীর+গতি+র,ধীর,ধীরগতি,False
ধাবমান,ধাব+মান,ধাব,ধাব,True
ধাক্কা,ধাক্কা,ধাক্কা,ধাক্কা,True
ধামে,ধাম+ে,ধাম,ধাম,True
ধারাভাষ্যকার,ধারা+ভাষ্য+কার,ধারা,ধারাভাষ্যকার,False
ধারাভাষ্যকাররা,ধারা+ভাষ্য+কার+রা,ধারা,ধারাভাষ্যকাররা,False
ধারণার,ধারণা+র,ধারণা,ধারণার,False
ধারক,ধারক,ধারক,ধারক,True
ধুতে,ধু+তে,ধু,ধুত,False
ধুতির,ধুতি+র,ধুতি,ধুতি,True
ধনবাড়ি,ধন+বাড়ি,ধন,ধনবাড়ি,False
ধরছেন,"ধর+ছ+েন, ধর+ছ+ে+ন",ধর,ধর,True
ধরে,ধর+ে,ধর,ধর,True
ধরনই,ধরন+ই,ধরন,ধরন,True
ধর্মভীরু,ধর্ম+ভীরু,ধর্ম,ধর্মভীরু,False
ধর্মঘটও,ধর্মঘট+ও,ধর্মঘট,ধর্মঘট,True
ধর্মবিশ্বাসে,ধর্ম+বিশ্বাস+ে,ধর্ম,ধর্মবিশ্বাস,False
ধর্মনিরপেক্ষতার,ধর্ম+নির+পেক্ষ+তা+র,ধর্ম,ধর্মনিরপেক্ষতা,False
ধর্মপুর,ধর্ম+পুর,ধর্ম,ধর্মপুর,False
ধংসস্তূপের,ধংস+স্তূপ+ের,ধংস,ধংসস্তূপ,False
ধ্বংসের,ধ্বংস+ের,ধ্বংস,ধ্বংস,True
ধ্বংসযজ্ঞের,ধ্বংস+যজ্ঞ+ের,ধ্বংস,ধ্বংসযজ্ঞ,False
ষাট,ষাট,ষাট,ষাট,True
ষাটোধ্ব,"1 ষাট+োধ্ব, ষাট+উধ্ব",1 ষাট,ষাটোধ্ব,False
ষষ্ঠ,ষষ্ঠ,ষষ্ঠ,ষষ্ঠ,True
ষোলশহরের,ষোল+শহর+ের,ষোল,ষোলশহর,False
ষড়ঋতুর,ষড়+ঋতু+র,ষড়,ষড়ঋতুর,False
ষড়যন্ত্রেরই,ষড়যন্ত্র+ের+ই,ষড়যন্ত্র,ষড়যন্ত্র,True
ষ্টেডিয়ামের,ষ্টেডিয়াম+ের,ষ্টেডিয়াম,ষ্টেডিয়াম,True
ঘঁাটাতে,ঘঁাট+া+তে,ঘঁাট,ঘঁা,False
ঘেমেছেন,"1 ঘাম+েছ+েন, ঘেম+েছ+েন, ঘেম+ে+ছ+েন, ঘেম+ে+ছ+ে+ন",1 ঘাম,ঘাম,False
ঘিতে,ঘি+তে,ঘি,ঘিত,False
ঘিঞ্জির,ঘিঞ্জি+র,ঘিঞ্জি,ঘিঞ্জি,True
ঘণ্টা,ঘণ্টা,ঘণ্টা,ঘণ্,False
ঘণ্টাখানেক,ঘণ্টা+খানেক,ঘণ্টা,ঘণ্টাখানেক,False
ঘোষণামতো,ঘোষণা+মতো,ঘোষণা,ঘোষণাম,False
ঘুটঘুটে,ঘুট+ঘুট+ে,ঘুট,ঘুটঘুট,False
ঘরকন্নার,ঘর+কন্না+র,ঘর,ঘরকন্না,False
ঘরটি,ঘর+টি,ঘর,ঘর,True
ঘটনায়,ঘটন+া+য়,ঘটন,ঘটনায়,False
ঘটিয়েছে,ঘট+িয়ে+ছ+ে,ঘট,ঘট,True
ঘটনা,ঘটন+া,ঘটন,ঘটনা,False
ঘটনাগুলোর,ঘটন+া+গুলো+র,ঘটন,ঘটনা,False
জীবনে,জীবন+ে,জীবন,জীবন,True
জীবনপাখির,জীবন+পাখি+র,জীবন,জীবনপাখি,False
জাতীয়,জাত+ীয়,জাত,জাতীয়,False
জাতীয়ভাবে,জাত+ীয়+ভাব+ে,জাত,জাতীয়ভাব,False
জাতি,জাত+ি,জাত,জাতি,False
জাতিকেই,জাত+ি+কে+ই,জাত,জাতি,False
জাদুঘরেই,জাদু+ঘর+ে+ই,জাদু,জাদুঘর,False
জাগানো,জাগ+া+নো,জাগ,জাগানো,False
জাগিয়ে,জাগ+িয়ে,জাগ,জাগা,False
জামাতে,জামাত+ে,জামাত,জামা,False
জামাতবিরোধী,জামাত+বি+রোধ+ী,জামাত,জামাতবিরোধী,False
জামায়াত,জামায়াত,জামায়াত,জামায়াত,True
জামায়াতকে,জামায়াত+কে,জামায়াত,জামায়াত,True
জামায়াতপন্থিদের,জামায়াত+পন্থি+দের,জামায়াত,জামায়াতপন্থি,False
জানাজানি,জান+া+জান+ি,জান,জানাজানি,False
জানাজাও,জানাজা+ও,জানাজা,জানাজা,True
জানাবে,জান+া+ব+ে,জান,জানাব,False
জানান,"জান+া+ন, জান+ান",জান,জানান,False
জানানো,জান+া+নো,জান,জানানো,False
জানাশোনা,জানা+শোনা,জানা,জানাশোনা,False
জানলেনই,"জান+ল+েন+ই, জান+ল+ে+ন+ই",জান,জান,True
জায়গামতো,জায়গা+মতো,জায়গা,জায়গাম,False
জেতেও,জে+তে+ও,জে,জেত,False
জেটিটি,জেটি+টি,জেটি,জেটিটি,False
জিতে,জিত+ে,জিত,জিত,True
জিতুক,জিত+ুক,জিত,জিতুক,False
জিনিসের,জিনিস+ের,জিনিস,জিনিস,True
জখমস্থলে,জখম+স্থল+ে,জখম,জখমস্থল,False
জোর,জোর,জোর,জোর,True
জোরেশোরেই,জোর+ে+শোর+ে+ই,জোর,জোরেশোরে,False
জুসসহ,জুস+সহ,জুস,জুসসহ,False
জুসকে,জুস+কে,জুস,জুস,True
জুতা,জুতা,জুতা,জুতা,True
জুনে,জুন+ে,জুন,জুন,True
জুরিবোর্ড,জুরি+বোর্ড,জুরি,জুরিবোর্ড,False
জুটছে,জুট+ছ+ে,জুট,জুট,True
জুটে,জুট+ে,জুট,জুট,True
জুটিগুলোর,জুটি+গুলো+র,জুটি,জুটি,True
জুটমিলে,জুট+মিল+ে,জুট,জুটমিল,False
জবাবদিহিহীন,জবাব+দিহি+হীন,জবাব,জবাবদিহিহীন,False
জবাবই,জবাব+ই,জবাব,জবাব,True
জলাশয়,"1 জল+াশয়, জল+আশয়",1 জল,জলাশয়,False
জমাদানের,জমা+দান+ের,জমা,জমাদান,False
জমিতে,জমি+তে,জমি,জমি,True
জনাপঞ্চাশেক,জনা+পঞ্চাশ+েক,জনা,জনাপঞ্চাশেক,False
জনসাধারণের,জন+সাধারণ+ের,জন,জনসাধারণ,False
জনতার,জনতা+র,জনতা,জনতা,True
জনবল,জন+বল,জন,জনবল,False
জনগুরুত্বপূর্ণ,জন+গুরুত্ব+পূর্ণ,জন,জনগুরুত্বপূর্ণ,False
জনপ্রতিনিধিত্বমূলক,জন+প্রতিনিধি+ত্ব+মূলক,জন,জনপ্রতিনিধিত্বমূলক,False
জন্মাবেই,জন্ম+া+ব+ে+ই,জন্ম,জন্মাব,False
জন্মস্থান,জন্ম+স্থান,জন্ম,জন্মস্থান,False
জন্মদিন,জন্ম+দিন,জন্ম,জন্মদিন,False
জন্মদিনে,জন্ম+দিন+ে,জন্ম,জন্মদিন,False
জন্মগত,জন্ম+গত,জন্ম,জন্ম,True
জন্মদিন,জন্ম+দিন,জন্ম,জন্মদিন,False
জন্মগতভাবেই,জন্ম+গত+ভাব+ে+ই,জন্ম,জন্মগতভাব,False
জওয়ানদের,জওয়ান+দের,জওয়ান,জওয়ান,True
জর্জরিত,জর্জর+িত,জর্জর,জর্জরিত,False
জটলা,জটলা,জটলা,জটলা,True
জয়ের,জয়+ের,জয়,জয়,True
জয়কে,জয়+কে,জয়,জয়,True
জয়নগরের,জয়+নগর+ের,জয়,জয়নগর,False
জ্ঞানেরও,জ্ঞান+ের+ও,জ্ঞান,জ্ঞান,True
জ্যোতির,জ্যোতি+র,জ্যোতি,জ্যোতি,True
জ্যোতির্বিজ্ঞানীরা,জ্যোতির্+বি+জ্ঞান+ী+রা,জ্যোতির্,জ্যোতির্বিজ্ঞানী,False
খঁুজে,খঁুজ+ে,খঁুজ,খঁুজ,True
খঁুড়ে,খঁুড়+ে,খঁুড়,খঁুড়,True
খাসজমি,খাস+জমি,খাস,খাসজমি,False
খাতে,খাত+ে,খাত,খাত,True
খাদ্যাভ্যাস,"1 খাদ্য+াভ্যাস, খাদ্য+অভ্যাস",1 খাদ্য,খাদ্যাভ্যাস,False
খাদ্যসামগ্রীও,খাদ্য+সামগ্রী+ও,খাদ্য,খাদ্যসামগ্রী,False
খাটছে,খাট+ছ+ে,খাট,খাট,True
খেলাগুলোর,খেলা+গুলো+র,খেলা,খেলা,True
খেলে,খেল+ে,খেল,খেলে,False
খেলোয়াড়,খেলোয়াড়,খেলোয়াড়,খেলোয়াড়,True
খেলব,খেল+ব,খেল,খেলব,False
খণ্ডের,খণ্ড+ের,খণ্ড,খণ্ড,True
খোঁজ,খোঁজ,খোঁজ,খোঁজ,True
খোলার,খোল+া+র,খোল,খোলা,False
খোলো,"খোলো, খোল+ো",খোলো,খোলো,True
খোলস,খোলস,খোলস,খোলস,True
খোলসে,খোলস+ে,খোলস,খোলস,True
খোয়াচ্ছে,খোয়া+চ্ছ+ে,খোয়া,খোয়,False
খুঁজছেন,"খুঁজ+ছ+েন, খুঁজ+ছ+ে+ন",খুঁজ,খুঁজ,True
খুঁজছিল,"খুঁজ+ছ+ি+ল, খুঁজ+ছি+ল",খুঁজ,খুঁজ,True
খুলবে,খুল+ব+ে,খুল,খুলব,False
খুন,খুন,খুন,খুন,True
খননকাজ,খনন+কাজ,খনন,খননকাজ,False
খনননীতি,খনন+নীতি,খনন,খনননীতি,False
খরায়,খরা+য়,খরা,খরায়,False
খ্রিষ্টধর্মেরও,খ্রিষ্ট+ধর্ম+ের+ও,খ্রিষ্ট,খ্রিষ্টধর্ম,False
ফঁাসের,ফঁাস+ের,ফঁাস,ফঁাস,True
ফঁাদে,ফঁাদ+ে,ফঁাদ,ফঁাদ,True
ফঁাকে,ফঁাক+ে,ফঁাক,ফঁা,False
ফাঁস,ফাঁস,ফাঁস,ফাঁস,True
ফাঁসানো,ফাঁস+া+নো,ফাঁস,ফাঁসানো,False
ফাঁসের,ফাঁস+ের,ফাঁস,ফাঁস,True
ফাইভের,ফাইভ+ের,ফাইভ,ফাইভ,True
ফাটলের,ফাটল+ের,ফাটল,ফাটল,True
ফেলাটাকে,ফেল+া+টা+কে,ফেল,ফেলা,False
ফেলে,ফেল+ে,ফেল,ফেলে,False
ফেলেন,ফেল+েন,ফেল,ফেল,True
ফেলই,ফেল+ই,ফেল,ফেল,True
ফেরিঘাট,ফেরি+ঘাট,ফেরি,ফেরিঘাট,False
ফিকশনসমগ্র,ফিকশন+সমগ্র,ফিকশন,ফিকশনসমগ্র,False
ফিল্মটি,ফিল্ম+টি,ফিল্ম,ফিল্ম,True
ফিল্টারের,ফিল্টার+ের,ফিল্টার,ফিল্টার,True
ফিরছে,ফির+ছ+ে,ফির,ফির,True
ফিরছি,ফির+ছ+ি,ফির,ফির,True
ফিরেছেন,"ফির+েছ+েন, ফির+ে+ছ+ে+ন, ফির+ে+ছ+েন",ফির,ফির,True
ফিরেন,"ফির+ে+ন, ফির+েন",ফির,ফির,True
ফোম,ফোম,ফোম,ফোম,True
ফোটে,ফোট+ে,ফোট,ফোট,True
ফস্কালে,ফস্কাল+ে,ফস্কাল,ফস্কাল,True
ফুলসহ,ফুল+সহ,ফুল,ফুলসহ,False
ফুটানী,ফুটান+ী,ফুটান,ফুটানী,False
ফুটবলাঙ্গন,"1 ফুটবল+াঙ্গন, ফুটবল+অঙ্গন",1 ফুটবল,ফুটবলাঙ্গন,False
ফলন,ফলন,ফলন,ফলন,True
ফলপ্রসূ,ফল+প্রসূ,ফল,ফলপ্রসূ,False
ফরমানসমূহ,ফরমান+সমূহ,ফরমান,ফরমানসমূহ,False
ফরমগুলোয়,ফরম+গুলো+য়,ফরম,ফরমগুলোয়,False
ফরমও,ফরম+ও,ফরম,ফরম,True
ফরম্যাটে,ফরম্যাট+ে,ফরম্যাট,ফরম্যাট,True
ফটোসাংবাদিকদের,"1 ফটো+সংবাদ+িক+দের, ফটো+সাংবাদ+িক+দের",1 ফটো,ফটোসাংবাদিক,False
ফটোগ্রাফাররা,ফটো+গ্রাফ+ার+রা,ফটো,ফটোগ্রাফাররা,False
ফ্যাক্টরিকে,ফ্যাক্টরি+কে,ফ্যাক্টরি,ফ্যাক্টরি,True
ফ্লাডলাইট,ফ্লাড+লাইট,ফ্লাড,ফ্লাডলাইট,False
ফ্লুমুক্ত,ফ্লু+মুক্ত,ফ্লু,ফ্লুমুক্ত,False
ফ্লুর,ফ্লু+র,ফ্লু,ফ্লুর,False
ফ্রেন্ডশিপের,ফ্রেন্ড+শিপ+ের,ফ্রেন্ড,ফ্রেন্ডশিপ,False
ফ্রিজে,ফ্রিজ+ে,ফ্রিজ,ফ্রিজ,True
ফ্রিম্যান,ফ্রি+ম্যান,ফ্রি,ফ্রিম্যান,False
সঁাকো,সঁাকো,সঁাকো,সঁাকো,True
সীমা,সীমা,সীমা,সীমা,True
সীমিতভাবে,সীমিত+ভাব+ে,সীমিত,সীমিতভাব,False
সৌরভবিরোধীরা,সৌরভ+বি+রোধ+ী+রা,সৌরভ,সৌরভবিরোধী,False
সাধারণসহ,সাধারণ+সহ,সাধারণ,সাধারণসহ,False
সাজ,সাজ,সাজ,সাজ,True
সাফল্য,সাফল্য,সাফল্য,সাফল্য,True
সাবধানী,সাবধান+ী,সাবধান,সাবধানী,False
সাবধানতাও,সাবধান+তা+ও,সাবধান,সাবধানতা,False
সাদৃশ্য,সাদৃশ্য,সাদৃশ্য,সাদৃশ্য,True
সাগরপাড়ে,সাগর+পাড়+ে,সাগর,সাগরপাড়,False
সাহায্যে,সাহায্য+ে,সাহায্য,সাহায্য,True
সাহায্যের,সাহায্য+ের,সাহায্য,সাহায্য,True
সালিস,সালিস,সালিস,সাল,False
সালকে,সাল+কে,সাল,সাল,True
সামাজিক,"1 সামাজ+িক, সমাজ+িক",1 সামাজ,সামাজিক,False
সামনে,সামনে,সামনে,সামনে,True
সাম্প্রদায়িকতামুক্ত,"1 সাম্প্রদায়+িক+তা+মুক্ত, সম্প্রদায়+িক+তা+মুক্ত",1 সাম্প্রদায়,সাম্প্রদায়িকতামুক্ত,False
সাম্রাজ্যবাদ,সাম্রাজ্য+বাদ,সাম্রাজ্য,সাম্রাজ্যবাদ,False
সাম্রাজ্যবাদবিরোধী,সাম্রাজ্য+বাদ+বি+রোধ+ী,সাম্রাজ্য,সাম্রাজ্যবাদবিরোধী,False
সাপই,সাপ+ই,সাপ,সাপ,True
সারাংশ,"1 সার+াংশ, সার+অংশ",1 সার,সারাংশ,False
সারিতেই,সারি+তে+ই,সারি,সারি,True
সারথি,সারথি,সারথি,সারথি,True
সারকারখানা,সার+কারখানা,সার,সারকারখানা,False
সাশ্রয়ের,সাশ্রয়+ের,সাশ্রয়,সাশ্রয়,True
সাংসদরাও,সাংসদ+রা+ও,সাংসদ,সাংসদরা,False
সভানেত্রীর,সভা+নেত্র+ী+র,সভা,সভানেত্রীর,False
সভাপতিমণ্ডলীতে,সভা+পতি+মণ্ডলী+তে,সভা,সভাপতিমণ্ডলী,False
সভায়ই,সভায়+ই,সভায়,সভায়,True
সেখানে,সেখান+ে,সেখান,সেখানে,False
সেখানেও,সেখান+ে+ও,সেখান,সেখানে,False
সেসবেও,সেসব+ে+ও,সেসব,সেসবে,False
সেতুবন্ধন,সেতু+বন্ধন,সেতু,সেতুবন্ধন,False
সেবক,সেব+ক,সেব,সেবক,False
সেগুলোকে,সে+গুলো+কে,সে,সেই,False
সেহেতু,সে+হেতু,সে,সেহেতু,False
সেকালের,সে+কাল+ের,সে,সেকাল,False
সেমিনার,সেমিনার,সেমিনার,সেমিনা,False
সেমিপাকা,সেমি+পাকা,সেমি,সেমিপাকা,False
সেনাভিলা,সেনা+ভিলা,সেনা,সেনাভিলা,False
সেনাসূত্র,সেনা+সূত্র,সেনা,সেনাসূত্র,False
সেনাক্যাম্পসহ,সেনা+ক্যাম্প+সহ,সেনা,সেনাক্যাম্পসহ,False
সেন্টিমিটারের,সেন্টি+মিটার+ের,সেন্টি,সেন্টিমিটার,False
সিঁড়ি,সিঁড়ি,সিঁড়ি,সিঁড়ি,True
সিঁড়িঘরে,সিঁড়ি+ঘর+ে,সিঁড়ি,সিঁড়িঘর,False
সিজনে,সিজন+ে,সিজন,সিজন,True
সিদ্ধান্তের,সিদ্ধান্ত+ের,সিদ্ধান্ত,সিদ্ধা,False
সিঙ্গেলসই,সিঙ্গেলস+ই,সিঙ্গেলস,সিঙ্গেলস,True
সিরিজটা,সিরিজ+টা,সিরিজ,সিরিজ,True
সোনাও,সোনা+ও,সোনা,সোনা,True
সোনারগঁাও,সোনা+র+গঁাও,সোনা,সোনারগঁা,False
সফরকালীন,সফর+কাল+ীন,সফর,সফরকালীন,False
সৃষ্ট,সৃষ্ট,সৃষ্ট,সৃষ্ট,True
সৃষ্টিপ্রেম,সৃষ্ট+ি+প্রেম,সৃষ্ট,সৃষ্টিপ্রেম,False
সতীর্থ,সতীর্থ,সতীর্থ,সতীর্থ,True
সত্তা,সত্তা,সত্তা,সত্তা,True
সত্যের,সত্য+ের,সত্য,সত্য,True
সত্যি,সত্যি,সত্যি,সত্যি,True
সত্যজিত,সত্য+জিত,সত্য,সত্যজিত,False
সত্যকে,সত্য+কে,সত্য,সত্য,True
সুধার,সুধা+র,সুধা,সুধা,True
সুখ,সুখ,সুখ,সুখ,True
সুখস্নৃতি,সুখ+স্নৃতি,সুখ,সুখস্নৃতি,False
সুস্থ,সুস্থ,সুস্থ,সুস্থ,True
সুবিধার,সুবিধা+র,সুবিধা,সুবিধা,True
সুদক্ষ,সু+দক্ষ,সু,সুদক্ষ,False
সুইডেনপ্রবাসী,"সুইডেন+প্রবাস+ী, সুইডেন+প্র+বাস+ী",সুইডেন,সুইডেনপ্রবাসী,False
সুইটস,সুইটস,সুইটস,সুইটস,True
সুইংয়ে,সুইং+য়ে,সুইং,সুইংয়,False
সুযোগগুলো,সুযোগ+গুলো,সুযোগ,সুযোগ,True
সুলভে,সুলভ+ে,সুলভ,সুলভ,True
সুনামি,সুনামি,সুনামি,সুনামি,True
সুনিপুণ,সু+নিপুণ,সু,সুনিপুণ,False
সুন্দরবনস্থ,সুন্দর+বন+স্থ,সুন্দর,সুন্দরবনস্থ,False
সুপারিশেই,সুপারিশ+ে+ই,সুপারিশ,সুপারিশ,True
সুপ্রভাত,সু+প্র+ভাত,সু,সুপ্রভাত,False
সুরেই,সুর+ে+ই,সুর,সুর,True
সূচিতে,সূচি+তে,সূচি,সূচি,True
সূচিপত্রকে,সূচি+পত্র+কে,সূচি,সূচিপত্র,False
সূচনাটা,সূচনা+টা,সূচনা,সূচনা,True
সঞ্চালনের,সঞ্চালন+ের,সঞ্চালন,সঞ্চালন,True
সবুজ,সবুজ,সবুজ,সবুজ,True
সবকিছু,সব+কিছু,সব,সবকিছু,False
সব্যসাচী,সব্যসাচী,সব্যসাচী,সব্যসাচী,True
সচেতনমহল,স+চেতন+মহল,স,সচেতনমহল,False
সদস্যসংখ্যাও,সদস্য+সংখ্যা+ও,সদস্য,সদস্যসংখ্যা,False
সদস্যদের,সদস্য+দের,সদস্য,সদস্য,True
সদস্যরা,সদস্য+রা,সদস্য,সদস্য,True
সদুপদেশ,"1 সদ+ুপদেশ, সদ+উপদেশ",1 সদ,সদুপদেশ,False
সদরের,সদর+ের,সদর,সদর,True
সহায়তা,সহায়+তা,সহায়,সহায়তা,False
সহযোগী,সহ+যোগ+ী,সহ,সহযোগী,False
সহ্য,সহ্য,সহ্য,সহ্য,True
সকলকে,সকল+কে,সকল,সকল,True
সমীহ,সমীহ,সমীহ,সমীহ,True
সমীকরণটি,সমীকরণ+টি,সমীকরণ,সমীকরণ,True
সমাজে,সমাজ+ে,সমাজ,সমাজ,True
সমাজকল্যাণমন্ত্রী,সমাজ+কল্যাণ+মন্ত্রী,সমাজ,সমাজকল্যাণমন্ত্রী,False
সমাবেশের,সমাবেশ+ের,সমাবেশ,সমাবেশ,True
সমানভাবে,সমান+ভাব+ে,সমান,সমানভাব,False
সমৃদ্ধ,সমৃদ্ধ,সমৃদ্ধ,সমৃদ্ধ,True
সমুদয়,সমুদয়,সমুদয়,সমুদয়,True
সমবেত,সমবেত,সমবেত,বেত,False
সমগ্র,সমগ্র,সমগ্র,গ্র,False
সমমনাদের,সম+মন+া+দের,মন,মনা,False
সমন্বয়ের,সমন্বয়+ের,সমন্বয়,ন্বয়,False
সমন্বয়ও,সমন্বয়+ও,সমন্বয়,ন্বয়,False
সমর্থকসহ,সমর্থক+সহ,সমর্থক,র্থকসহ,False
সমর্থকগোষ্ঠীও,সমর্থক+গোষ্ঠী+ও,সমর্থক,র্থকগোষ্ঠী,False
সমর্থককে,সমর্থক+কে,সমর্থক,র্থক,False
সমর্থনটা,সমর্থন+টা,সমর্থন,র্থন,False
সমর্পণও,"1 সম+র্পণ+ও, সম+অর্পণ+ও",1 সম,র্পণ,False
সময়,সময়,সময়,য়,False
সময়ে,সময়+ে,সময়,য়,False
সময়কে,সময়+কে,সময়,য়,False
সম্ভাবনাময়দের,সম্ভাবনা+ময়+দের,সম্ভাবনা,সম্ভাবনাময়,False
সম্মাননাও,সম্মান+না+ও,সম্মান,সম্মাননা,False
সম্পাদিত,সম্পাদ+িত,সম্পাদ,সম্পাদিত,False
সম্পাদক,সম্পাদ+ক,সম্পাদ,সম্পাদক,False
সম্পাদকীয়সহ,সম্পাদক+ীয়+সহ,সম্পাদক,সম্পাদকীয়সহ,False
সম্পর্কে,সম্পর্ক+ে,সম্পর্ক,সম্পর্,False
সম্পর্কগুলো,সম্পর্ক+গুলো,সম্পর্ক,সম্পর্ক,True
সম্প্রীতির,সম্প্রী+তি+র,সম্প্রী,সম্প্রীতি,False
সম্প্রদায়ের,সম্প্রদায়+ের,সম্প্রদায়,সম্প্রদায়,True
সম্রাটের,সম্রাট+ের,সম্রাট,সম্রাট,True
সনাতনি,সনাতন+ি,সনাতন,সনাতনি,False
সন্ধা,সন্ধা,সন্ধা,সন্ধা,True
সন্ধ্যেবেলা,সন্ধ্যে+বেলা,সন্ধ্যে,সন্ধ্যেবেলা,False
সন্ধ্যারাতের,সন্ধ্যা+রাত+ের,সন্ধ্যা,সন্ধ্যারাত,False
সন্তান,সন্তান,সন্তান,সন্তান,True
সন্তানসহ,সন্তান+সহ,সন্তান,সন্তানসহ,False
সন্ত্রাসী,সন্ত্রাস+ী,সন্ত্রাস,সন্ত্রাসী,False
সন্ত্রাসীদের,সন্ত্রাস+ী+দের,সন্ত্রাস,সন্ত্রাসী,False
সন্ত্রাসীও,সন্ত্রাস+ী+ও,সন্ত্রাস,সন্ত্রাসী,False
সঙ্গী,সঙ্গ+ী,সঙ্গ,সঙ্গী,False
সঙ্গীতানুষ্ঠান,"1 সঙ্গীত+ানুষ্ঠান, সঙ্গীত+অনুষ্ঠান",1 সঙ্গীত,সঙ্গীতানুষ্ঠান,False
সঙ্গে,সঙ্গ+ে,সঙ্গ,সঙ্গে,False
সঙ্গেও,সঙ্গ+ে+ও,সঙ্গ,সঙ্গ,True
সঙ্গতিবিহীন,সঙ্গতি+বি+হীন,সঙ্গতি,সঙ্গতিবিহীন,False
সরোবর,সরোবর,সরোবর,সরোবর,True
সরোবরে,সরোবর+ে,সরোবর,সরোবর,True
সরব,সরব,সরব,সর,False
সরদারের,সরদার+ের,সরদার,সরদার,True
সরকারের,সরকার+ের,সরকার,সরকার,True
সর্বাধিনায়ক,"সর্ব+াধি+নায়ক, সর্ব+অধি+নায়ক",সর্ব,সর্বাধিনায়ক,False
সর্বোত্কৃষ্ট,"1 সর্ব+োত্কৃষ্ট, সর্ব+উত্কৃষ্ট",1 সর্ব,সর্বোত্কৃষ্ট,False
সর্বসাধারণের,সর্ব+সাধারণ+ের,সর্ব,সর্বসাধারণ,False
সর্বশেষ,সর্ব+শেষ,সর্ব,সর্বশেষ,False
সর্দিও,সর্দি+ও,সর্দি,সর্দি,True
সশরীরে,স+শরীর+ে,স,সশরীর,False
সংঘবদ্ধ,সংঘ+বদ্ধ,সংঘ,ঘবদ্ধ,False
সংজ্ঞায়,সংজ্ঞা+য়,সংজ্ঞা,জ্ঞায়,False
সংসার,সংসার,সংসার,সা,False
সংসারে,সংসার+ে,সংসার,সা,False
সংসদকক্ষে,সংসদ+কক্ষ+ে,সংসদ,সদকক্ষ,False
সংস্থাপনে,সং+স্থাপন+ে,স্থাপন,স্থাপন,True
সংস্কৃতিতে,সংস্কৃতি+তে,সংস্কৃতি,স্কৃতি,False
সংবাদকর্মীর,সংবাদ+কর্ম+ী+র,সংবাদ,বাদকর্মীর,False
সংবাদপত্র,সংবাদ+পত্র,সংবাদ,বাদপত্র,False
সংবাদপত্রগুলোকে,সংবাদ+পত্র+গুলোকে,সংবাদ,বাদপত্র,False
সংবিধান,সংবিধান,সংবিধান,বিধান,False
সংগঠনসমূহের,সংগঠন+সমূহ+ের,সংগঠন,গঠনসমূহ,False
সংগ্রাম,সংগ্রাম,সংগ্রাম,গ্রাম,False
সংহতি,সংহতি,সংহতি,হতি,False
সংযোগ,সং+যোগ,যোগ,যোগ,True
সংকেত,সংকেত,সংকেত,কেত,False
সংকল্প,সংকল্প,সংকল্প,কল্প,False
সংক্ষেপে,সংক্ষেপ+ে,সংক্ষেপ,ক্ষেপ,False
সংক্ষিপ্তভাবে,সংক্ষিপ্ত+ভাব+ে,সংক্ষিপ্ত,ক্ষিপ্তভাব,False
সংলাপের,সংলাপ+ের,সংলাপ,লাপ,False
সংশোধনী,সংশোধন+ী,সংশোধন,শোধনী,False
সংশোধনেও,সংশোধন+ে+ও,সংশোধন,শোধন,False
স্বীকৃতি,স্বীকৃত+ি,স্বীকৃত,স্বীকৃতি,False
স্বাধীনতাকামী,"1 স্ব+াধীন+তা+কাম+ী, স্ব+অধীন+তা+কাম+ী",1 স্ব,স্বাধীনতাকামী,False
স্বাস্থ্যকেন্দ্র,স্বাস্থ্য+কেন্দ্র,স্বাস্থ্য,স্বাস্থ্যকেন্দ্র,False
স্বাস্থ্যকর্মী,স্বাস্থ্য+কর্ম+ী,স্বাস্থ্য,স্বাস্থ্যকর্মী,False
স্বার্থে,স্বার্থ+ে,স্বার্থ,স্বার্থ,True
স্বায়ত্তশাসিত,স্বায়ত্ত+শাসিত,স্বায়ত্ত,স্বায়ত্তশাসিত,False
স্বায়ত্তশাসন,স্বায়ত্ত+শাসন,স্বায়ত্ত,স্বায়ত্তশাসন,False
স্বছন্দে,স্বছন্দ+ে,স্বছন্দ,স্বছন্দ,True
স্বেচ্ছাসেবক,"1 স্ব+েচ্ছা+সেব+ক, স্ব+ইচ্ছা+সেব+ক",1 স্ব,স্বেচ্ছাসেবক,False
স্বজনপ্রীতিকে,স্ব+জন+প্রীত+ি+কে,স্ব,স্বজনপ্রীতি,False
স্বত্বাধিকারে,"1 স্বত্ব+অধিকার+ে, স্বত্ব+াধিকার+ে",1 স্বত্ব,স্বত্বাধিকা,False
স্বল্প,স্বল্প,স্বল্প,স্বল্প,True
স্বল্পমেয়াদি,স্বল্প+মেয়াদ+ি,স্বল্প,স্বল্পমেয়াদি,False
স্বপন,স্বপন,স্বপন,স্বপন,True
স্বরাষ্ট্রমন্ত্রী,স্ব+রাষ্ট্র+মন্ত্রী,স্ব,স্বরাষ্ট্রমন্ত্রী,False
স্বরূপে,স্ব+রূপ+ে,স্ব,স্বরূপ,False
স্থায়িত্বকাল,"1 স্থায়ি+ত্ব+কাল, স্থায়ী+ত্ব+কাল",1 স্থায়ি,স্থায়িত্বকাল,False
স্থগিতাদেশ,"1 স্থগিত+াদেশ, স্থগিত+আদেশ",1 স্থগিত,স্থগিতাদেশ,False
স্থলবন্দরগুলোতে,স্থল+বন্দর+গুলো+তে,স্থল,স্থলবন্দর,False
স্কোরার,স্কোর+ার,স্কোর,স্কোরা,False
স্কোরিং,স্কোর+িং,স্কোর,স্কোরিং,False
স্কোয়াড,স্কোয়াড,স্কোয়াড,স্কোয়াড,True
স্কুলে,স্কুল+ে,স্কুল,স্কুল,True
স্কুলব্যাগ,স্কুল+ব্যাগ,স্কুল,স্কুলব্যাগ,False
স্লোগানমুখর,স্লোগান+মুখ+র,স্লোগান,স্লোগানমুখর,False
স্নেহের,স্নেহ+ের,স্নেহ,স্নেহ,True
স্নিগ্ধসুন্দরের,স্নিগ্ধ+সুন্দর+ের,স্নিগ্ধ,স্নিগ্ধসুন্দর,False
স্মৃতিস্তম্ভে,স্মৃতি+স্তম্ভ+ে,স্মৃতি,স্মৃতিস্তম্ভ,False
স্মৃতিচারণা,স্মৃতি+চারণ+া,স্মৃতি,স্মৃতিচারণা,False
স্নৃতিকেন্দ্রে,স্নৃতি+কেন্দ্র+ে,স্নৃতি,স্নৃতিকেন্দ্রে,False
স্মরণের,স্মরণ+ের,স্মরণ,স্মরণ,True
স্পষ্ট,স্পষ্ট,স্পষ্ট,স্পষ্ট,True
স্পিডগানটা,স্পিড+গান+টা,স্পিড,স্পিডগান,False
স্পিনার,স্পিন+ার,স্পিন,স্পিনা,False
স্পিনে,স্পিন+ে,স্পিন,স্পিন,True
স্পৃহাহীন,স্পৃহা+হীন,স্পৃহা,স্পৃহাহীন,False
স্পন্সরশিপ,স্পন্সর+শিপ,স্পন্সর,স্পন্সরশিপ,False
স্পট,স্পট,স্পট,স্পট,True
স্প্যান,স্প্যান,স্প্যান,স্প্যান,True
স্টারের,স্টার+ের,স্টার,স্টার,True
স্টেডিয়ামপূর্ণ,স্টেডিয়াম+পূর্ণ,স্টেডিয়াম,স্টেডিয়ামপূর্ণ,False
স্টেশনগুলো,স্টেশন+গুলো,স্টেশন,স্টেশন,True
স্টিকারটিই,স্টিক+ার+টি+ই,স্টিক,স্টিকারটি,False
স্টোর,স্টোর,স্টোর,স্টোর,True
স্ট্রাইকার,স্ট্রাইক+ার,স্ট্রাইক,স্ট্রাইকা,False
স্ট্রাইকারের,স্ট্রাইক+ার+ের,স্ট্রাইক,স্ট্রাইকার,False
তাসের,তাস+ের,তাস,তাস,True
তাগিদে,তাগিদ+ে,তাগিদ,তাগিদ,True
তাহাতে,তাহা+তে,তাহা,তাহা,True
তালি,তালি,তালি,তালি,True
তামাটে,তামা+টে,তামা,তামাট,False
তাও,তা+ও,তা,তাও,False
তাপসী,তাপস+ী,তাপস,তাপসী,False
তাপপ্রবাহ,তাপ+প্রবাহ,তাপ,তাপপ্রবাহ,False
তারাও,তারা+ও,তারা,তারা,True
তারকাকেই,তারকা+কে+ই,তারকা,তারকা,True
তার্কিক,"1 তার্ক+িক, তর্ক+িক",1 তার্ক,তার্কিক,False
তেলেসমাতিটা,তেলেসমাতি+টা,তেলেসমাতি,তেলেসমাতি,True
তিতাসের,তিতাস+ের,তিতাস,তিতাস,True
তিনতলায়,তিন+তলা+য়,তিন,তিনতলায়,False
তিনবার,তিন+বার,তিন,তিনবা,False
তিনবছর,তিন+বছর,তিন,তিনবছর,False
তিনদিনের,তিন+দিন+ের,তিন,তিনদিন,False
তখনও,তখন+ও,তখন,তখন,True
তোকে,তো+কে,তো,তোক,False
তোমায়,তোমা+য়,তোমা,তোমায়,False
তোশকে,তোশক+ে,তোশক,তোশ,False
তফসিল,তফসিল,তফসিল,তফসিল,True
তত্ত্বাবধায়কের,তত্ত্বাবধায়ক+ের,তত্ত্বাবধায়ক,তত্ত্বাবধায়ক,True
তত্পরতার,তত্পরতা+র,তত্পরতা,তত্পরতা,True
তুষারদের,তুষার+দের,তুষার,তুষার,True
তুলেছেন,"তুল+েছ+ে+ন, তুল+ে+ছ+ে+ন",তুল,তুল,True
তুলেছিলাম,"তুল+ে+ছ+িল+াম, তুল+ে+ছি+ল+াম",তুল,তুল,True
তুলতেও,তুল+তে+ও,তুল,তুল,True
তুলনাও,তুলনা+ও,তুলনা,তুলনা,True
তবলায়,তবলা+য়,তবলা,তবলায়,False
তদন্তও,তদন্ত+ও,তদন্ত,তদ,False
তথ্য,তথ্য,তথ্য,তথ্য,True
তথ্যমন্ত্রীর,তথ্য+মন্ত্রী+র,তথ্য,তথ্যমন্ত্রীর,False
তথ্যপ্রাপ্তির,তথ্য+প্রাপ্ত+ি+র,তথ্য,তথ্যপ্রাপ্তি,False
তহবিলে,তহবিল+ে,তহবিল,তহবিল,True
তলে,তল+ে,তল,তল,True
তরুণ,তরুণ,তরুণ,তরুণ,True
তরুণদের,তরুণ+দের,তরুণ,তরুণ,True
তরুণকে,তরুণ+কে,তরুণ,তরুণ,True
তরুণও,তরুণ+ও,তরুণ,তরুণ,True
তর্ক,তর্ক,তর্ক,তর্ক,True
ত্বরিত,ত্বরিত,ত্বরিত,ত্বরিত,True
ত্রাণকর্তা,ত্রাণ+কর্তা,ত্রাণ,ত্রাণকর্তা,False
ত্রিমহাদেশীয়,ত্রি+মহা+দেশ+ীয়,ত্রি,ত্রিমহাদেশীয়,False
ত্রিপক্ষীয়,ত্রি+পক্ষ+ীয়,ত্রি,ত্রিপক্ষীয়,False
ডাইজেস্টের,ডাইজেস্ট+ের,ডাইজেস্ট,ডাইজেস্ট,True
ডাকটিকিটে,ডাক+টিকিট+ে,ডাক,ডাকটিকিট,False
ডেভেলপমেন্ট,ডেভেলপ+মেন্ট,ডেভেলপ,ডেভেলপমেন্ট,False
ডিফেন্ডার,ডিফেন্ড+ার,ডিফেন্ড,ডিফেন্ডা,False
ডিসেম্বরেও,ডিসেম্বর+ে+ও,ডিসেম্বর,ডিসেম্বরে,False
ডুবুরিরা,ডুবুরি+রা,ডুবুরি,ডুবুরি,True
ঢালাও,ঢালা+ও,ঢালা,ঢালা,True
ঢাললেও,ঢাল+লে+ও,ঢাল,ঢালল,False
ঢেঁকি,ঢেঁকি,ঢেঁকি,ঢেঁকি,True
ঢিলের,ঢিল+ের,ঢিল,ঢিল,True
ঢিমেতালে,ঢিমে+তাল+ে,ঢিমে,ঢিমেতালে,False
ঢুকেছে,"ঢুক+েছ+ে, ঢুক+ে+ছ+ে",ঢুক,ঢুক,True
ঢুকল,ঢুক+ল,ঢুক,ঢুকল,False
ঢুকলাম,"ঢুক+ল+াম, ঢুক+ল+াম",ঢুক,ঢুক,True
ঢলে,ঢল+ে,ঢল,ঢল,True
ঐচ্ছিক,ঐচ্ছিক,ঐচ্ছিক,ঐচ্ছিক,True
ঐক্যমত্যের,ঐক্য+মত্য+ের,ঐক্য,ঐক্যমত্য,False
ঐক্যবোধ,ঐক্য+বোধ,ঐক্য,ঐক্যবোধ,False
অঁাধারে,অঁাধার+ে,অঁাধার,অঁাধা,False
অঁাধারমানিক,অঁাধার+মানিক,অঁাধার,অঁাধারমানিক,False
অঁাচ,অঁাচ,অঁাচ,অঁাচ,True
অঁাচড়,অঁাচড়,অঁাচড়,অঁাচড়,True
অভাব,অভাব,অভাব,অভাব,True
অভাবে,অভাব+ে,অভাব,অভাব,True
অভেদ্য,অ+ভেদ্য,অ,অভেদ্য,False
অভিজ্ঞতা,অভিজ্ঞ+তা,অভিজ্ঞ,জ্ঞতা,False
অভিযোগ,অভিযোগ,অভিযোগ,যোগ,False
অভিযুক্তদের,অভিযুক্ত+দের,অভিযুক্ত,যুক্ত,False
অভিযুক্তকে,অভিযুক্ত+কে,অভিযুক্ত,যুক্ত,False
অভিনয়,অভিনয়,অভিনয়,নয়,False
অভিনন্দনযোগ্য,অভি+নন্দন+যোগ্য,নন্দন,নন্দনযোগ্য,False
অভিনয়ও,অভিনয়+ও,অভিনয়,নয়,False
অভু্যদয়ের,অভু্যদয়ের,অভু্যদয়ের,অভু্যদয়,False
অধীনতার,অধীন+তা+র,অধীন,অধীনতা,False
অধারাবাহিকভাবে,অ+ধারা+বাহিক+ভাব+ে,অ,অধারাবাহিকভাব,False
অধিবেশনের,অধিবেশন+ের,অধিবেশন,বেশন,False
অধিকারও,অধিকার+ও,অধিকার,কা,False
অধিককাল,অধিক+কাল,অধিক,ককাল,False
অধিমূল্যায়ন,অধি+মূল্য+ায়ন,মূল্য,মূল্যায়ন,False
অধিনায়কও,অধি+নায়ক+ও,নায়ক,নায়ক,True
অধস্তনের,অধস্তন+ের,অধস্তন,অধস্তন,True
অধ্যাপকও,অধ্যাপক+ও,অধ্যাপক,অধ্যাপক,True
অধ্যায়ই,অধ্যায়+ই,অধ্যায়,অধ্যায়,True
অধ্যায়টাই,অধ্যায়+টা+ই,অধ্যায়,অধ্যায়,True
অধ্যায়টির,অধ্যায়+টি+র,অধ্যায়,অধ্যায়,True
অধ্যুষিত,অধ্যুষ+িত,অধ্যুষ,অধ্যুষিত,False
অজান্তেই,অ+জান্তে+ই,অ,অজান্,False
অখাদ্যে,অ+খাদ্য+ে,অ,অখাদ্য,False
অফিসগুলো,অফিস+গুলো,অফিস,অফিস,True
অফিসপাড়া,অফিস+পাড়া,অফিস,অফিসপাড়া,False
অসৌজন্যমূলক,অ+সৌজন্য+মূলক,অ,অসৌজন্যমূলক,False
অসাবধানবশত,অ+সাবধান+বশত,অ,অসাবধানবশত,False
অসুস্থতাকেও,অ+সুস্থ+তা+কে+ও,অ,অসুস্থতা,False
অসুস্থতায়,অ+সুস্থ+তা+য়,অ,অসুস্থতায়,False
অসুস্থদের,অ+সুস্থ+দের,অ,অসুস্থ,False
অসদাচরণের,"1 অসদ+াচরণ+ের, অসদ+আচরণ+ের",1 অসদ,অসদাচরণ,False
অসহনীয়,"অ+সহন+ীয়, অ+সহনীয়",অ,অসহনীয়,False
অসম্পূর্ণ,অ+সম্পূর্ণ,অ,অসম্পূর্ণ,False
অস্ত,অস্ত,অস্ত,অস্ত,True
অস্ত্রে,অস্ত্র+ে,অস্ত্র,অস্ত্র,True
অস্ত্রটির,অস্ত্র+টি+র,অস্ত্র,অস্ত্র,True
অস্বীকারও,অ+স্বীকার+ও,অ,অস্বীকা,False
অস্বাভাবিকই,অ+স্বাভাবিক+ই,অ,অস্বাভাবিক,False
অস্থিরতায়,অ+স্থির+তা+য়,অ,অস্থিরতায়,False
অতি,অতি,অতি,অতি,True
অতিদরকারি,অতি+দরকার+ি,দরকার,দরকারি,False
অতিথিদের,অতিথি+দের,অতিথি,অতিথি,True
অতিক্রান্ত,অতি+ক্রান্ত,ক্রান্ত,ক্রা,False
অঞ্চলগত,অঞ্চল+গত,অঞ্চল,অঞ্চল,True
অবাণিজ্য,অ+বাণিজ্য,অ,অবাণিজ্য,False
অবজারভারের,অবজারভ+ার+ের,অবজারভ,জারভার,False
অবমাননা,অব+মান+না,মান,মাননা,False
অবমূল্যায়নকে,অব+মূল্য+ায়ন+কে,মূল্য,মূল্যায়ন,False
অবনত,অব+নত,নত,নত,True
অব্যবস্থা,অ+ব্যবস্থা,অ,অব্যবস্থা,False
অব্যাহত,অ+ব্যাহত,অ,অব্যাহত,False
অদূরে,অ+দূর+ে,অ,অদূর,False
অদম্য,অ+দম্য,অ,অদম্য,False
অগ্নিসংযোগসহ,অগ্নি+সংযোগ+সহ,অগ্নি,অগ্নিসংযোগসহ,False
অগ্নিপরীক্ষা,অগ্নি+পরীক্ষা,অগ্নি,অগ্নিপরীক্ষা,False
অগ্র,অগ্র,অগ্র,অগ্র,True
অগ্রদূত,অগ্র+দূত,অগ্র,অগ্রদূত,False
অহঙ্কারের,অহঙ্কার+ের,অহঙ্কার,অহঙ্কার,True
অকাণ্ড,অ+কাণ্ড,অ,অকাণ্ড,False
অকল্পনীয়,অ+কল্প+নীয়,অ,অকল্পনীয়,False
অক্টোবরে,অক্টোবর+ে,অক্টোবর,অক্টোবর,True
অলসভাবেই,অলস+ভাব+ে+ই,অলস,অলসভাব,False
অলরাউন্ডারকে,অলরাউন্ড+ার+কে,অলরাউন্ড,অলরাউন্ডা,False
অমিল,অ+মিল,অ,অমিল,False
অমিলগত,অ+মিল+গত,অ,অমিল,False
অমুসলিম,অ+মুসলিম,অ,অমুসলিম,False
অমঙ্গলজনক,অ+মঙ্গল+জনক,অ,অমঙ্গল,False
অমর,অ+মর,অ,অমর,False
অমর্যাদা,অ+মর্যাদা,অ,অমর্যাদা,False
অনাহূত,"1 অন+াহূত, অন+আহূত",1 অন,অনাহূত,False
অনামিকা,অ+নাম+িকা,অ,অনামিকা,False
অনেক,অন+েক,অন,অনেক,False
অনিচ্ছা,"1 অন+িচ্ছা, অন+ইচ্ছা",1 অন,অনিচ্ছা,False
অনিচ্ছার,"1 অন+িচ্ছা+র, অন+ইচ্ছা+র",1 অন,অনিচ্ছা,False
অনিয়মের,অ+নিয়ম+ের,অ,অনিয়ম,False
অনুষ্ঠানে,অনুষ্ঠান+ে,অনুষ্ঠান,ষ্ঠান,False
অনুযায়ী,অনুযায়ী,অনুযায়ী,যায়ী,False
অনুমানটাই,অনুমান+টা+ই,অনুমান,অনু,False
অনুমেয়,অনুমেয়,অনুমেয়,মেয়,False
অনুমোদনসহ,অনুমোদন+সহ,অনুমোদন,মোদনসহ,False
অনুনয়ের,অনুনয়+ের,অনুনয়,নয়,False
অনুপস্থিত,"1 অন+ুপস্থিত, অন+উপস্থিত",1 অন,পস্থিত,False
অনুরোধ,অনুরোধ,অনুরোধ,রোধ,False
অনুশোচনা,অনুশোচনা,অনুশোচনা,শোচনা,False
অনবদ্য,অনবদ্য,অনবদ্য,অনবদ্য,True
অনমনীয়,অ+নমনীয়,অ,অনমনীয়,False
অনমনীয়তা,অ+নমনীয়+তা,অ,অনমনীয়তা,False
অনমনীয়তায়,অ+নমনীয়+তা+য়,অ,অনমনীয়তায়,False
অনর্থ,অনর্থ,অনর্থ,অনর্থ,True
অনশন,অনশন,অনশন,অনশন,True
অন্ধকারের,অন্ধ+কার+ের,অন্ধ,অন্ধকার,False
অন্তসারশূন্য,অন্তসার+শূন্য,অন্তসার,অন্তসারশূন্য,False
অন্তদ্বর্ন্দ্বেই,অন্ত+দ্বর্ন্দ্ব+ে+ই,অন্ত,অন্তদ্বর্ন্দ্ব,False
অন্তরায়,অন্তরায়,অন্তরায়,অন্তরায়,True
অন্তরের,অন্তর+ের,অন্তর,অন্তর,True
অন্তর্ভুক্তসহ,অন্তর্ভুক্ত+সহ,অন্তর্ভুক্ত,অন্তর্ভুক্তসহ,False
অন্তর্নিহিত,অন্তর্+নিহিত,অন্তর্,অন্তর্নিহিত,False
অন্যত্র,অন্যত্র,অন্যত্র,অন্যত্র,True
অন্যপ্রান্তে,অন্য+প্রান্ত+ে,অন্য,অন্যপ্রান্,False
অপারেটরদের,অপারেট+র+দের,অপারেট,অপারেটর,False
অপেক্ষাটা,অপেক্ষা+টা,অপেক্ষা,অপেক্ষা,True
অপচেষ্টা,অপ+চেষ্টা,চেষ্টা,চেষ্,False
অপক্ষপাতী,অ+পক্ষ+পাত+ী,অ,ক্ষপাতী,False
অপরাধীরা,অপরাধ+ী+রা,অপরাধ,রাধীরা,False
অপরাধমূলক,অপরাধ+মূলক,অপরাধ,রাধমূলক,False
অপরিণত,অ+পরিণত,অ,রিণত,False
অপরকে,অপর+কে,অপর,র,False
অঙ্গনকে,অঙ্গন+কে,অঙ্গন,অঙ্গন,True
অঙ্গপ্রতিষ্ঠান,অঙ্গ+প্রতিষ্ঠান,অঙ্গ,অঙ্গপ্রতিষ্ঠান,False
অরিজিন,অরিজিন,অরিজিন,অরিজিন,True
অর্ধেক,অর্ধ+েক,অর্ধ,অর্ধেক,False
অর্ধেকও,অর্ধ+েক+ও,অর্ধ,অর্ধেক,False
অর্জন,অর্জন,অর্জন,অর্জন,True
অর্জনকারীদের,অর্জন+কার+ী+দের,অর্জন,অর্জনকারী,False
অর্থাভাবে,"1 অর্থ+অভাব+ে, অর্থ+াভাব+ে",1 অর্থ,অর্থাভাব,False
অর্থবিত্ত,অর্থ+বিত্ত,অর্থ,অর্থবিত্ত,False
অর্থবিনিময়ের,অর্থ+বিনিময়+ের,অর্থ,অর্থবিনিময়,False
অর্থদণ্ডে,অর্থ+দণ্ড+ে,অর্থ,অর্থদণ্ড,False
অর্থহীন,অর্থ+হীন,অর্থ,অর্থহীন,False
অর্থনীতির,অর্থ+নীতি+র,অর্থ,অর্থনীতি,False
অর্থটাই,অর্থ+টা+ই,অর্থ,অর্থ,True
অশোভন,অ+শোভন,অ,অশোভন,False
অশ্লীল,অ+শ্লীল,অ,অশ্লীল,False
অংশ,অংশ,অংশ,অংশ,True
অংশীদারত্বে,অংশ+ী+দার+ত্ব+ে,অংশ,অংশীদারত্ব,False
অংশজুড়েই,অংশ+জুড়ে+ই,অংশ,অংশজুড়,False
অংশত্ব,অংশ+ত্ব,অংশ,অংশত্ব,False
অংশগ্রহণও,অংশ+গ্রহণ+ও,অংশ,অংশগ্রহণ,False
অ্যাসাইনমেন্ট,অ্যাসাইন+মেন্ট,অ্যাসাইন,অ্যাসাইনমেন্ট,False
বৈকি,বৈকি,বৈকি,বৈকি,True
বঁাধা,বঁাধা,বঁাধা,বঁাধা,True
বঁাশবাড়ী,বঁাশ+বাড়ী,বঁাশ,বঁাশবাড়ী,False
বঁুদ,বঁুদ,বঁুদ,বঁুদ,True
বীরত্বের,বীরত্ব+ের,বীরত্ব,বীরত্ব,True
বীরত্বগাথাকে,বীর+ত্ব+গাথা+কে,বীর,বীরত্বগাথা,False
বীরত্বগাথার,বীর+ত্ব+গাথা+র,বীর,বীরত্বগাথা,False
বীরকোট,বীর+কোট,বীর,বীরকোট,False
বীরউত্তম,বীর+উত্তম,বীর,বীরউত্তম,False
বাঁচলাম,"বাঁচ+ল+াম, বাঁচ+ল+া+ম",বাঁচ,বাঁচ,True
বাছাইকৃতদের,বাছাই+কৃত+দের,বাছাই,বাছাইকৃত,False
বাজেভাবেই,বাজে+ভাব+ে+ই,বাজে,বাজেভাবে,False
বাণিজ্য,বাণিজ্য,বাণিজ্য,বাণিজ্য,True
বাসায়,বাসা+য়,বাসা,বাসায়,False
বাসের,বাস+ের,বাস,বাস,True
বাসটির,বাস+টি+র,বাস,বাস,True
বাস্তবতাকেই,বাস্তব+তা+কে+ই,বাস্তব,বাস্তবতা,False
বাতুলতার,বাতুল+তা+র,বাতুল,বাতুলতা,False
বাবাকে,বাবা+কে,বাবা,বাবা,True
বাবু,বাবু,বাবু,বাবু,True
বাবুগঞ্জ,বাবু+গঞ্জ,বাবু,বাবুগঞ্জ,False
বাদী,বাদ+ী,বাদ,বাদী,False
বাদ্য,বাদ্য,বাদ্য,বাদ্য,True
বাথরুম,বাথ+রুম,বাথ,বাথরুম,False
বাহক,বাহক,বাহক,বাহক,True
বাইসাইকেলযোগে,বাই+সাইকেল+যোগ+ে,বাই,বাইসাইকেলযোগে,False
বাইড়ি,বাইড়ি,বাইড়ি,বাইড়ি,True
বাকি,বাকি,বাকি,বাকি,True
বাকিগুলোতে,বাকি+গুলো+তে,বাকি,বাকি,True
বাক্সবন্দি,বাক্স+বন্দ+ি,বাক্স,বাক্সবন্দি,False
বাক্যও,বাক্য+ও,বাক্য,বাক্য,True
বালি,বালি,বালি,বালি,True
বালুয়া,বালু+য়া,বালু,বালুয়া,False
বানাতে,বানা+তে,বানা,বানা,True
বানাচ্ছে,বানা+চ্ছ+ে,বানা,বান,False
বানেশ্বরের,"1 বান+েশ্বর+ের, বান+ঈশ্বর+ের",1 বান,বানেশ্বর,False
বান্ধব,বান্ধব,বান্ধব,বান্ধব,True
বান্ধবদের,বান্ধব+দের,বান্ধব,বান্ধব,True
বাঙালিরা,বাঙাল+ি+রা,বাঙাল,বাঙা,False
বারোমাসি,বারো+মাসি,বারো,বারোমাসি,False
বার্তাই,বার্তা+ই,বার্তা,বার্তা,True
বার্তার,বার্তা+র,বার্তা,বার্তার,False
বার্ডের,বার্ড+ের,বার্ড,বার্ড,True
বাড়ল,বাড়+ল,বাড়,বাড়ল,False
বাংলাতেই,বাংলা+তে+ই,বাংলা,বাংলা,True
বাংলাদেশের,"বাংলাদেশ+ের, বাংলা+দেশ+ের",বাংলাদেশ,বাংলাদেশ,True
বছরদুয়েক,বছর+দুয়েক,বছর,বছরদুয়েক,False
বধূয়া,বধূ+য়া,বধূ,বধূয়া,False
বেঁধেছে,"1 বেঁধ+ে+ছ+ে, বাঁধ+ে+ছ+ে",1 বেঁধ,বেঁধ,False
বেফঁাস,বে+ফঁাস,বে,বেফঁাস,False
বেতন,বেতন,বেতন,বেতন,True
বেতনকাঠামোও,বেতন+কাঠামো+ও,বেতন,বেতনকাঠামো,False
বেদ,বেদ,বেদ,বেদ,True
বেদিশা,বে+দিশা,বে,বেদিশা,False
বেদনাদায়ক,বেদনা+দায়+ক,বেদনা,বেদনাদায়ক,False
বেকার,বেকার,বেকার,বেকা,False
বেপরোয়াও,বে+পরোয়া+ও,বে,বেপরোয়া,False
বেরোনোর,বের+ো+নো+র,বের,বেরোনোর,False
বেরোয়,বের+ো+য়,বের,বেরোয়,False
বেড়েছিল,"1 বেড়+ে+ছি+ল, বেড়+ে+ছ+িল, বাড়+ে+ছি+ল, বাড়+ে+ছ+িল",1 বেড়,বাড়,False
বিভাজক,বি+ভাজক,ভাজক,ভাজক,True
বিভাগের,"বি+ভাগ+ের, বিভাগ+ের",ভাগ,ভাগ,True
বিভাগেরও,"বি+ভাগ+ের+ও, বিভাগ+ের+ও",ভাগ,ভাগ,True
বিভিন্ন,বি+ভিন্ন,ভিন্ন,ভিন্ন,True
বিভিন্নভাবে,বি+ভিন্ন+ভাব+ে,ভিন্ন,ভিন্নভাব,False
বিভক্তির,বিভক্ত+ি+র,বিভক্ত,ভক্তি,False
বিছানার,বিছানা+র,বিছানা,ছানা,False
বিধানসহ,বিধান+সহ,বিধান,ধানসহ,False
বিধানগুলোর,বিধান+গুলো+র,বিধান,ধান,False
বিধিও,বিধি+ও,বিধি,ধি,False
বিধংসীও,বিধংসী+ও,বিধংসী,ধংসী,False
বিষাদও,বিষাদ+ও,বিষাদ,ষাদ,False
বিষধর,বিষ+ধর,বিষ,ষধর,False
বিষয়ক,বিষয়+ক,বিষয়,ষয়ক,False
বিষয়টিও,বিষয়+টি+ও,বিষয়,ষয়,False
বিষ্ঞুপুর,বিষ্ঞু+পুর,বিষ্ঞু,ষ্ঞুপুর,False
বিজয়ীকে,বি+জয়+ী+কে,জয়,জয়ী,False
বিজয়ানন্দে,"1 বিজয়+ানন্দ+ে, বিজয়+আনন্দ+ে",1 বিজয়,জয়ানন্দ,False
বিজ্ঞপ্তিটি,বিজ্ঞপ্তি+টি,বিজ্ঞপ্তি,জ্ঞপ্তি,False
বিখ্যাত,বিখ্যাত,বিখ্যাত,খ্যাত,False
বিফল,বি+ফল,ফল,ফল,True
বিস্ফোরণ,বিস্ফোরণ,বিস্ফোরণ,স্ফোরণ,False
বিতার্কিক,"1 বি+তার্ক+িক, বি+তার্ক+িক, বি+তর্ক+িক, বি+তর্ক+িক",1 বি,তার্কিক,False
বিতর্কগুলো,"বি+তর্ক+গুলো, বিতর্ক+গুলো",তর্ক,তর্ক,True
বিবৃতি,বিবৃতি,বিবৃতি,বৃতি,False
বিব্রতকরণ,বিব্রত+করণ,বিব্রত,ব্রতকরণ,False
বিচারালয়সহ,"1 বিচার+ালয়+সহ, বিচার+আলয়+সহ",1 বিচার,চারালয়সহ,False
বিচারে,বিচার+ে,বিচার,চা,False
বিচারেও,বিচার+ে+ও,বিচার,চা,False
বিচু্যত,বি+চু্যত,চু্যত,চু্যত,True
বিদেশীদের,বি+দেশ+ী+দের,দেশ,দেশী,False
বিদেশীকেও,বি+দেশ+ী+কে+ও,দেশ,দেশী,False
বিদেশে,বি+দেশ+ে,দেশ,দেশ,True
বিদেশের,বি+দেশ+ের,দেশ,দেশ,True
বিদ্বেষ,বিদ্বেষ,বিদ্বেষ,দ্বেষ,False
বিদ্যানিকেতন,বিদ্যা+নিকেতন,বিদ্যা,দ্যানিকেতন,False
বিদ্যাপীঠে,বিদ্যা+পীঠ+ে,বিদ্যা,দ্যাপীঠ,False
বিদ্রোহের,বিদ্রোহ+ের,বিদ্রোহ,দ্রোহ,False
বিহলতা,বিহল+তা,বিহল,হলতা,False
বিকেন্দ্রীকরণের,বি+কেন্দ্র+ী+করণ+ের,কেন্দ্র,কেন্দ্রীকরণ,False
বিকল্পও,বিকল্প+ও,বিকল্প,কল্প,False
বিকট,বিকট,বিকট,কট,False
বিক্ষোভ,বিক্ষোভ,বিক্ষোভ,ক্ষোভ,False
বিলাস,বিলাস,বিলাস,লাস,False
বিলাপ,বিলাপ,বিলাপ,লাপ,False
বিলে,বিল+ে,বিল,ল,False
বিলম্বের,বিলম্ব+ের,বিলম্ব,লম্ব,False
বিমানভাড়া,বিমান+ভাড়া,বিমান,মানভাড়া,False
বিমানটি,বিমান+টি,বিমান,মান,False
বিন,বিন,বিন,ন,False
বিনাশর্তে,বিনা+শর্ত+ে,বিনা,নাশর্,False
বিনির্মাণে,বি+নির্মাণ+ে,নির্মাণ,নির্মাণ,True
বিনিয়োগকে,বি+নিয়োগ+কে,নিয়োগ,নিয়োগ,True
বিনিয়োগকেও,বি+নিয়োগ+কে+ও,নিয়োগ,নিয়োগ,True
বিনয়,বিনয়,বিনয়,নয়,False
বিপর্যয়ের,বিপর্যয়+ের,বিপর্যয়,পর্যয়,False
বিপ্লবে,বিপ্লব+ে,বিপ্লব,প্লব,False
বিরাগভাজনও,বি+রাগ+ভাজন+ও,রাগ,রাগভাজন,False
বিরোধিতায়,বিরোধ+ি+তা+য়,বিরোধ,রোধিতায়,False
বিরলই,বিরল+ই,বিরল,রল,False
বিশালাকৃতির,"1 বিশাল+াকৃতি+র, বিশাল+আকৃতি+র",1 বিশাল,শালাকৃতি,False
বিশেষজ্ঞদল,"1 বিশেষ+জ্ঞ+দল, বিশেষ+অজ্ঞ+দল",1 বিশেষ,শেষজ্ঞদল,False
বিশুদ্ধ,বি+শুদ্ধ,শুদ্ধ,শুদ্ধ,True
বিশদভাবে,বিশদ+ভাব+ে,বিশদ,শদভাব,False
বিশটি,বিশ+টি,বিশ,শ,False
বিশ্বাসী,বিশ্বাস+ী,বিশ্বাস,বিশ্বাসী,False
বিশ্বাসটাকে,বিশ্বাস+টা+কে,বিশ্বাস,বিশ্বাস,True
বিশ্বসুন্দরী,বিশ্ব+সুন্দর+ী,বিশ্ব,শ্বসুন্দরী,False
বিশ্ববিদ্যালয়ে,"1 বিশ্ব+বিদ্যা+লয়+ে, বিশ্ব+বিদ্যা+আলয়+ে",1 বিশ্ব,শ্ববিদ্যালয়,False
বিশ্বব্যাংক,বিশ্ব+ব্যাংক,বিশ্ব,শ্বব্যাংক,False
বিশ্লেষণী,বিশ্লেষণ+ী,বিশ্লেষণ,শ্লেষণী,False
বিশ্লেষকদের,বিশ্লেষক+দের,বিশ্লেষক,শ্লেষক,False
বিয়ের,বিয়ে+র,বিয়ে,য়,False
বিয়োজন,বিয়োজন,বিয়োজন,য়োজন,False
বিয়োগে,বিয়োগ+ে,বিয়োগ,য়োগ,False
বজ্রঝড়,বজ্র+ঝড়,বজ্র,বজ্রঝড়,False
বোতলটি,বোতল+টি,বোতল,বোতল,True
বোলিং,বোল+িং,বোল,বোলিং,False
বোমাও,বোমা+ও,বোমা,বোমা,True
বোন,বোন,বোন,বোন,True
বোর্ড,বোর্ড,বোর্ড,বোর্ড,True
বোর্ডটা,বোর্ড+টা,বোর্ড,বোর্ড,True
বৃষ্টিহীন,বৃষ্টি+হীন,বৃষ্টি,বৃষ্টিহীন,False
বৃত্তকে,বৃত্ত+কে,বৃত্ত,বৃত্ত,True
বৃহত্তরভাবে,বৃহত্তর+ভাব+ে,বৃহত্তর,বৃহত্তরভাব,False
বসিয়েছে,বস+িয়ে+ছ+ে,বস,বস,True
বসিয়েছিল,"বস+িয়ে+ছি+ল, বস+িয়ে+ছ+িল",বস,বস,True
বসুন,বস+ুন,বস,বসুন,False
বসলেও,বস+লে+ও,বস,বসল,False
বসন্ত,বসন্ত,বসন্ত,বস,False
বস্তা,বস্তা,বস্তা,বস্তা,True
বস্তাপচা,বস্তা+পচা,বস্তা,বস্তাপচা,False
বস্তি,বস্তি,বস্তি,বস্তি,True
বুদ্ধিজীবী,বুদ্ধি+জীব+ী,বুদ্ধি,বুদ্ধিজীবী,False
বুদ্ধমন্দির,বুদ্ধ+মন্দির,বুদ্ধ,বুদ্ধমন্দি,False
বুকের,বুক+ের,বুক,বুক,True
বুলাতেই,বুলা+তে+ই,বুলা,বুলা,True
বুলবুলে,বুলবুলে,বুলবুলে,বুলবুল,False
বুনিয়া,বুন+িয়া,বুন,বুনিয়া,False
বুঝেন,"বুঝ+েন, বুঝ+ে+ন",বুঝ,বুঝ,True
বুঝিয়ে,বুঝ+িয়ে,বুঝ,বুঝা,False
বুঝতে,বুঝ+তে,বুঝ,বুঝ,True
বদলাল,"বদল+া+ল, বদল+াল",বদল,বদলাল,False
বহাল,বহাল,বহাল,বহাল,True
বহির্বিশ্ব,বহির্+বিশ্ব,বহির্,বহির্বিশ্ব,False
বহির্বিশ্বে,বহির্+বিশ্ব+ে,বহির্,বহির্বিশ্ব,False
বহুসংখ্যক,বহু+সংখ্যক,বহু,বহুসংখ্যক,False
বহুকিছু,বহু+কিছু,বহু,বহুকিছু,False
বহুমাত্রা,বহু+মাত্রা,বহু,বহুমাত্,False
বইবহির্ভূত,বই+বহির্ভূত,বই,বইবহির্ভূত,False
বকে,বক+ে,বক,বক,True
বাক্স,বাক্স,বাক্স,বাক্স,True
বক্তারা,বক্তা+রা,বক্তা,বক্তা,True
বক্তৃতাগুলোর,বক্তৃতা+গুলো+র,বক্তৃতা,বক্তৃতা,True
বক্তৃতার,বক্তৃতা+র,বক্তৃতা,বক্তৃতা,True
বলছি,বল+ছ+ি,বল,বল,True
বলেছিলেন,"বল+ে+ছি+ল+ে+ন, বল+ে+ছ+িল+ে+ন",বল,বল,True
বলেন,বল+ে+ন,বল,বল,True
বলেনি,বল+ে+নি,বল,বলেনি,False
বলি,বলি,বলি,বলি,True
বলত,বল+ত,বল,বলত,False
বনভূমি,বন+ভূমি,বন,বনভূমি,False
বন্ধুত্বপূর্ণ,বন্ধুত্ব+পূর্ণ,বন্ধুত্ব,বন্ধুত্বপূর্ণ,False
বন্ধুবান্ধবের,বন্ধু+বান্ধব+ের,বন্ধু,বন্ধুবান্ধব,False
বন্ধুকে,বন্ধু+কে,বন্ধু,বন্ধু,True
বন্ড,বন্ড,বন্ড,বন্ড,True
বন্যপ্রাণীরা,বন্য+প্রাণ+ী+রা,বন্য,বন্যপ্রাণীরা,False
বরাবরের,বরাবর+ের,বরাবর,বরাবর,True
বরখাস্ত,বরখাস্ত,বরখাস্ত,বরখাস্ত,True
বর্ষসেরাকে,বর্ষ+সেরা+কে,বর্ষ,বর্ষসেরা,False
বর্জ্য,বর্জ্য,বর্জ্য,বর্জ্য,True
বর্তমানে,বর্তমান+ে,বর্তমান,বর্ত,False
বর্গমাইল,বর্গ+মাইল,বর্গ,বর্গমাইল,False
বর্গমাইলে,বর্গ+মাইল+ে,বর্গ,বর্গমাইল,False
বয়সেই,বয়স+ে+ই,বয়স,বয়স,True
বয়স্করা,বয়স্ক+রা,বয়স্ক,বয়স্ক,True
বড়ভাই,বড়+ভাই,বড়,বড়ভা,False
বড়জোর,বড়+জোর,বড়,বড়জোর,False
বড়বাড়ী,বড়+বাড়ী,বড়,বড়বাড়ী,False
ব্যাচ,ব্যাচ,ব্যাচ,ব্যাচ,True
ব্যাকরণ,ব্যাকরণ,ব্যাকরণ,ব্যাকরণ,True
ব্যানারটির,ব্যানার+টি+র,ব্যানার,ব্যানার,True
ব্যান্ড,ব্যান্ড,ব্যান্ড,ব্যান্ড,True
ব্যান্ডবাদক,ব্যান্ড+বাদ+ক,ব্যান্ড,ব্যান্ডবাদক,False
ব্যাপকতাও,ব্যাপক+তা+ও,ব্যাপক,ব্যাপকতা,False
ব্যাটালিয়নের,ব্যাটালিয়ন+ের,ব্যাটালিয়ন,ব্যাটালিয়ন,True
ব্যাটিংয়ে,ব্যাট+িং+য়ে,ব্যাট,ব্যাটিংয়,False
ব্যাটই,ব্যাট+ই,ব্যাট,ব্যাট,True
ব্যাংক,ব্যাংক,ব্যাংক,ব্যাংক,True
ব্যাংকগুলোতে,ব্যাংক+গুলো+তে,ব্যাংক,ব্যাংক,True
ব্যাংকও,ব্যাংক+ও,ব্যাংক,ব্যাংক,True
ব্যস্ততা,ব্যস্ত+তা,ব্যস্ত,ব্যস্ততা,False
ব্যবসায়ী,ব্যবসা+য়ী,ব্যবসা,ব্যবসায়ী,False
ব্যবসায়ীদের,ব্যবসা+য়ী+দের,ব্যবসা,ব্যবসায়ী,False
ব্যবস্থাই,ব্যবস্থা+ই,ব্যবস্থা,ব্যবস্থা,True
ব্যবহারে,ব্যবহার+ে,ব্যবহার,ব্যবহা,False
ব্যক্তিত্বদের,ব্যক্তি+ত্ব+দের,ব্যক্তি,ব্যক্তিত্ব,False
ব্যক্তিগণের,ব্যক্তি+গণ+ের,ব্যক্তি,ব্যক্তিগণ,False
ব্যর্থতায়,ব্যর্থ+তা+য়,ব্যর্থ,ব্যর্থতায়,False
ব্যয়,ব্যয়,ব্যয়,ব্যয়,True
ব্যয়টাকে,ব্যয়+টা+কে,ব্যয়,ব্যয়,True
ব্রিটিশবিরোধী,ব্রিটিশ+বি+রোধ+ী,ব্রিটিশ,ব্রিটিশবিরোধী,False
ব্র্যাকেটবন্দি,ব্র্যাকেট+বন্দ+ি,ব্র্যাকেট,ব্র্যাকেটবন্দি,False
চঁাদাবাজ,চঁাদা+বাজ,চঁাদা,চঁাদাবাজ,False
চীনা,চীন+া,চীন,চীনা,False
চৌতন্যগলির,চৌতন্য+গলি+র,চৌতন্য,চৌতন্যগলি,False
চৌমোহনায়,চৌ+মোহনা+য়,চৌ,চৌমোহনায়,False
চাবির,চাবি+র,চাবি,চাবি,True
চাচা,চাচা,চাচা,চাচা,True
চাদরেই,চাদর+ে+ই,চাদর,চাদর,True
চাহিতেছেন,"চাহি+তে+ছে+ন, চাহি+তে+ছ+ে+ন",চাহি,চাহিত,False
চাইছিলেন,"চাই+ছ+িল+ে+ন, চাই+ছি+ল+ে+ন",চাই,চাই,True
চাকচিক্য,চাক+চিক্য,চাক,চাকচিক্য,False
চাকরিবিধির,চাকরি+বিধি+র,চাকরি,চাকরিবিধি,False
চাকরিচ্যুতি,চাকরি+চ্যুত+ি,চাকরি,চাকরিচ্যুতি,False
চালাচ্ছে,চালা+চ্ছ+ে,চালা,চাল,False
চালান,চাল+া+ন,চাল,চালান,False
চালানো,চাল+া+নো,চাল,চালানো,False
চালতা,চাল+তা,চাল,চালতা,False
চালুরও,চালু+র+ও,চালু,চালুর,False
চামড়াশিল্প,চামড়া+শিল্প,চামড়া,চামড়াশিল্প,False
চান,চান,চান,চান,True
চারেক,"1 চার+েক, চার+এক",1 চার,চারেক,False
চারপাশেও,চার+পাশ+ে+ও,চার,চারপাশ,False
চারটা,চার+টা,চার,চার,True
চারটিতেই,চার+টি+তে+ই,চার,চার,True
চেতনা,চেতনা,চেতনা,চেতনা,True
চেনাই,চেনা+ই,চেনা,চেনা,True
চেনামুখই,চেনা+মুখ+ই,চেনা,চেনামুখ,False
চেয়ারপারসনের,চেয়ার+পারসন+ের,চেয়ার,চেয়ারপারসন,False
চেয়েছেন,"চে+য়ে+ছে+ন, চে+য়ে+ছ+ে+ন",চে,চায়,False
চিতার,চিতা+র,চিতা,চিতা,True
চিত্তে,চিত্ত+ে,চিত্ত,চিত্,False
চিকিত্সারত,চিকিত্সা+রত,চিকিত্সা,চিকিত্সারত,False
চিকিত্সক,চিকিত্সক,চিকিত্সক,চিকিত্সক,True
চিন্তা,চিন্তা,চিন্তা,চিন্তা,True
চিন্তার,চিন্তা+র,চিন্তা,চিন্তা,True
চিপাগলির,চিপা+গলি+র,চিপা,চিপাগলি,False
চণ্ডীতেই,চণ্ডী+তে+ই,চণ্ডী,চণ্ডী,True
চোরাগোপ্তা,চোরা+গোপ্তা,চোরা,চোরাগোপ্তা,False
চত্বর,চত্বর,চত্বর,চত্বর,True
চুক্তি,চুক্তি,চুক্তি,চুক্তি,True
চুক্তিনামা,চুক্তি+নাম+া,চুক্তি,চুক্তিনামা,False
চুক্তিটাতেই,চুক্তি+টা+তে+ই,চুক্তি,চুক্তি,True
চুক্তিটির,চুক্তি+টি+র,চুক্তি,চুক্তি,True
চক্ষুদানের,চক্ষু+দান+ের,চক্ষু,চক্ষুদান,False
চলছে,চল+ছ+ে,চল,চল,True
চলচ্চিত্রটিও,চল+চ্চিত্র+টি+ও,চল,চলচ্চিত্র,False
চলন,চলন,চলন,চলন,True
চমত্কার,চমত্কার,চমত্কার,চমত্কা,False
চরের,চর+ের,চর,চর,True
চরটি,চর+টি,চর,চর,True
চটিয়েছে,চটিয়ে+ছ+ে,চটিয়ে,চট,False
চটতে,চট+তে,চট,চট,True
চড়াদামের,চড়া+দাম+ের,চড়া,চড়াদাম,False
চড়েন,চড়+ে+ন,চড়,চড়,True
চ্যানেলগুলোও,চ্যানেল+গুলো+ও,চ্যানেল,চ্যানেল,True
দঁাড়াননি,দঁাড়া+ন+নি,দঁাড়া,দঁাড়াননি,False
দঁাড়ায়,দঁাড়া+য়,দঁাড়া,দঁাড়ায়,False
দীর্ঘশ্বাস,দীর্ঘ+শ্বাস,দীর্ঘ,দীর্ঘশ্বাস,False
দৌরাত্ম্য,দৌরাত্ম্য,দৌরাত্ম্য,দৌরাত্ম্য,True
দৌড়াদৌড়ি,দৌড়া+দৌড়ি,দৌড়া,দৌড়াদৌড়ি,False
দৌড়ানো,দৌড়ান+ো,দৌড়ান,দৌড়ানো,False
দাসখত,দাস+খত,দাস,দাসখত,False
দাতাপ্রতিনিধি,দাতা+প্রতিনিধি,দাতা,দাতাপ্রতিনিধি,False
দাবি,দাবি,দাবি,দাবি,True
দাবিকৃত,দাবি+কৃত,দাবি,দাবিকৃত,False
দাবিপূরণের,দাবি+পূরণ+ের,দাবি,দাবিপূরণ,False
দামটা,দাম+টা,দাম,দাম,True
দানকারীরাও,দান+কার+ী+রা+ও,দান,দানকারীরা,False
দানও,দানও,দানও,দান,False
দাওয়াত,দাওয়াত,দাওয়াত,দাওয়াত,True
দাওয়ায়,দাওয়া+য়,দাওয়া,দাওয়ায়,False
দাপ্তরিকভাবে,"1 দাপ্তর+িক+ভাব+ে, দপ্তর+িক+ভাব+ে",1 দাপ্তর,দাপ্তরিকভাব,False
দায়ভার,দায়+ভার,দায়,দায়ভা,False
দায়িত্ব,দায়িত্ব,দায়িত্ব,দায়িত্ব,True
দায়িত্বেও,দায়িত্ব+ে+ও,দায়িত্ব,দায়িত্ব,True
দধি,দধি,দধি,দধি,True
দেখা,দেখা,দেখা,দেখা,True
দেখাচ্ছে,দেখ+া+চ্ছ+ে,দেখ,দেখ,True
দেখানো,দেখ+া+নো,দেখ,দেখানো,False
দেখায়নি,দেখ+ায়+নি,দেখ,দেখায়নি,False
দেখছে,দেখ+ছ+ে,দেখ,দেখ,True
দেখছিলাম,"দেখ+ছি+ল+াম, দেখ+ছ+িল+াম",দেখ,দেখ,True
দেখেনি,দেখ+ে+নি,দেখ,দেখেনি,False
দেখেননি,দেখ+ে+ন+নি,দেখ,দেখেননি,False
দেখিয়েছেন,"দেখ+িয়ে+ছ+েন, দেখ+িয়ে+ছ+ে+ন",দেখ,দেখ,True
দেবীনগর,দেব+ী+নগর,দেব,দেবীনগর,False
দেহব্যবসায়,দেহ+ব্যবসা+য়,দেহ,দেহব্যবসায়,False
দেনা,দেনা,দেনা,দেনা,True
দেওয়া,দেওয়া,দেওয়া,দেওয়া,True
দেওয়াই,দেওয়া+ই,দেওয়া,দেওয়া,True
দেওয়াও,দেওয়া+ও,দেওয়া,দেওয়াও,False
দেওয়ার,দেওয়া+র,দেওয়া,দেওয়া,True
দেওয়াটাকে,দেওয়া+টা+কে,দেওয়া,দেওয়া,True
দেশে,দেশ+ে,দেশ,দেশ,True
দেশের,দেশ+ের,দেশ,দেশ,True
দেশত্যাগের,দেশ+ত্যাগ+ের,দেশ,দেশত্যাগ,False
দেশব্যাপীই,দেশ+ব্যাপী+ই,দেশ,দেশব্যাপী,False
দেশপ্রেমিক,দেশ+প্রেম+িক,দেশ,দেশপ্রেমিক,False
দেশপ্রেমহীন,দেশ+প্রেম+হীন,দেশ,দেশপ্রেমহীন,False
দেউলিয়াত্ব,দেউলিয়া+ত্ব,দেউলিয়া,দেউলিয়াত্ব,False
দিঘি,দিঘি,দিঘি,দিঘি,True
দিবা,দিবা,দিবা,দিবা,True
দিল্লিভিত্তিক,দিল্লি+ভিত্তি+ক,দিল্লি,দিল্লিভিত্তিক,False
দিনগুলোয়,দিন+গুলো+য়,দিন,দিনগুলোয়,False
দিনকে,দিন+কে,দিন,দিন,True
দিনমজুররা,দিন+মজুর+রা,দিন,দিনমজুর,False
দিনরাত,দিন+রাত,দিন,দিনরাত,False
দিনটির,দিন+টির,দিন,দিন,True
দিয়েছিল,"দিয়ে+ছ+িল, দিয়ে+ছি+ল",দিয়ে,দিয়,False
দখলে,দখল+ে,দখল,দখল,True
দণ্ডসুদ,দণ্ড+সুদ,দণ্ড,দণ্ডসুদ,False
দণ্ডবিধি,দণ্ড+বিধি,দণ্ড,দণ্ডবিধি,False
দোষের,দোষ+ের,দোষ,দোষ,True
দোকানসংলগ্ন,দোকান+সংলগ্ন,দোকান,দোকানসংলগ্ন,False
দোকানদারকে,দোকান+দার+কে,দোকান,দোকানদা,False
দোকানদাররা,দোকান+দার+রা,দোকান,দোকানদা,False
দৃঢ়চেতা,দৃঢ়+চেতা,দৃঢ়,দৃঢ়চেতা,False
দৃশ্যও,দৃশ্য+ও,দৃশ্য,দৃশ্য,True
দত্তপাড়ার,দত্ত+পাড়া+র,দত্ত,দত্তপাড়া,False
দুভাগে,দু+ভাগ+ে,দু,দুভাগ,False
দুষ্টচক্র,দুষ্ট+চক্র,দুষ্ট,দুষ্টচক্র,False
দুজনও,দু+জন+ও,দু,দুজন,False
দুখ,দুখ,দুখ,দুখ,True
দুসংবাদে,দু+সংবাদ+ে,দু,দুসংবাদ,False
দুস্বপ্নের,দু+স্বপ্ন+ের,দু,দুস্বপ্ন,False
দুই,দু+ই,দু,দুই,False
দুইজনই,দু+ই+জন+ই,দু,দুইজনই,False
দুলেছে,দুল+ে+ছ+ে,দুল,দুল,True
দুলিয়ে,দুল+িয়ে,দুল,দুলা,False
দুপুরে,দুপুর+ে,দুপুর,দুপুর,True
দুর্ঘটনা,দুর্+ঘটন+া,ঘটন,ঘটনা,False
দুর্গ,দুর্গ,দুর্গ,গ,False
দুর্নীর্তিবাজ,দুর্+নীর্তি+বাজ,নীর্তি,নীর্তিবাজ,False
দুশ্চিন্তাগ্রস্ত,দুশ্+চিন্তা+গ্রস্ত,দুশ্,চিন্তাগ্রস্ত,False
দুটিসহ,দুটি+সহ,দুটি,দুটিসহ,False
দুটিরই,দুটি+র+ই,দুটি,দুটি,True
দূরত্বভেদে,দূর+ত্ব+ভেদ+ে,দূর,দূরত্বভেদ,False
দূরই,দূর+ই,দূর,দূর,True
দলিল,দলিল,দলিল,দলিল,True
দলসমূহ,দল+সমূহ,দল,দলসমূহ,False
দলকেই,দল+কে+ই,দল,দল,True
দলমত,দল+মত,দল,দলমত,False
দলনেতাকে,দল+নেতা+কে,দল,দলনেতা,False
দলনেতাকেই,দল+নেতা+কে+ই,দল,দলনেতা,False
দলও,দল+ও,দল,দল,True
দলটিরই,দল+টি+র+ই,দল,দল,True
দম্পতি,দম্পতি,দম্পতি,দম্পতি,True
দরজাটি,দরজা+টি,দরজা,দরজা,True
দরদ,দরদ,দরদ,দরদ,True
দরদাতারা,দর+দাতা+রা,দর,দরদাতা,False
দর্শানোর,দর্শানো+র,দর্শানো,দর্শানোর,False
দয়ালকে,দয়াল+কে,দয়াল,দয়াল,True
দ্বীপপুঞ্জে,দ্বীপ+পুঞ্জ+ে,দ্বীপ,দ্বীপপুঞ্জ,False
দ্বারপ্রান্তে,দ্বার+প্রান্ত+ে,দ্বার,দ্বারপ্রান্,False
দ্বিতীয়টিতে,দ্বিতীয়+টি+তে,দ্বিতীয়,দ্বিতীয়,True
দ্বিতীয়,দ্বিতীয়,দ্বিতীয়,দ্বিতীয়,True
দ্বন্দ্বটা,দ্বন্দ্ব+টা,দ্বন্দ্ব,দ্বন্দ্ব,True
দ্রুততায়,দ্রুত+তা+য়,দ্রুত,দ্রুততায়,False
দ্রুতগতিতে,দ্রুত+গতি+তে,দ্রুত,দ্রুতগতি,False
দ্রুতগতির,দ্রুত+গতি+র,দ্রুত,দ্রুতগতি,False
এজেন্ডাগুলোর,এজেন্ডা+গুলো+র,এজেন্ডা,এজেন্ডা,True
এখানে,এ+খান+ে,এ,এখান,False
এখতিয়ারে,এখতিয়ার+ে,এখতিয়ার,এখতিয়া,False
এসবকে,এ+সব+কে,এ,এসব,False
এতিম,এতিম,এতিম,এতিম,True
এতদিন,এত+দিন,এত,এতদিন,False
এতদঞ্চলে,এতদ+ঞ্চল+ে,এতদ,এতদঞ্চল,False
এগোনো,এগো+নো,এগো,এগোনো,False
এগুলোর,এ+গুলো+র,এ,এই,False
একধাপ,এক+ধাপ,এক,একধাপ,False
একেকটা,"1 এক+েক+টা, এক+এক+টা",1 এক,একেক,False
একসঙ্গে,এক+সঙ্গ+ে,এক,একসঙ্গ,False
একত্রিশবার,এক+ত্রিশ+বার,এক,একত্রিশবা,False
একুশে,একুশ+ে,একুশ,একুশ,True
একবার,এক+বার,এক,একবা,False
এককথায়,এক+কথা+য়,এক,এককথায়,False
একলাম্পশিয়া,একলাম্পশিয়া,একলাম্পশিয়া,একলাম্পশিয়া,True
একমত,এক+মত,এক,একমত,False
একমঞ্চে,এক+মঞ্চ+ে,এক,একমঞ্চ,False
একশ,একশ,একশ,একশ,True
একটানা,এক+টানা,এক,একটানা,False
এলাকাবাসীও,এলাকা+বাস+ী+ও,এলাকা,এলাকাবাসী,False
এলাকাও,এলাকা+ও,এলাকা,এলাকা,True
এমনিতে,এমনি+তে,এমনি,এমনি,True
এমপিদের,এমপি+দের,এমপি,এমপি,True
এমটি,এমটি,এমটি,এম,False
এনার্জি,এনার্জি,এনার্জি,এনার্জি,True
এনার্জিকে,এনার্জি+কে,এনার্জি,এনার্জি,True
এন্ট্রি,এন্ট্রি,এন্ট্রি,এন্ট্রি,True
এপ্রিলে,এপ্রিল+ে,এপ্রিল,এপ্রিল,True
এটাসেটা,এটা+সেটা,এটা,এটাসেটা,False
এটিকেই,এ+টি+কে+ই,এ,এটি,False
এয়ারপোর্টের,এয়ার+পোর্ট+ের,এয়ার,এয়ারপোর্ট,False
থাকেনি,থাক+ে+নি,থাক,থাকেনি,False
থাকিবে,"থাক+িব+ে, থাক+ি+ব+ে",থাক,থাকিব,False
থাকব,থাক+ব,থাক,থাকব,False
থাকলেও,থাক+লে+ও,থাক,থাকল,False
থেকেইবা,থেকে+ই+বা,থেকে,থেকেইবা,False
থেরাপিস্টসহ,থেরাপি+স্ট+সহ,থেরাপি,থেরাপিস্টসহ,False
গীত,গীত,গীত,গীত,True
গায়িকা,গায়িকা,গায়িকা,গায়িকা,True
গাড়িগুলো,গাড়ি+গুলো,গাড়ি,গাড়ি,True
গভীরে,গভীর+ে,গভীর,গভীর,True
গভর্নরের,গভর্নর+ের,গভর্নর,গভর্নর,True
গেছেই,"গে+ছে+ই, গে+ছ+ে+ই",গে,গেছ,False
গেইট,গেইট,গেইট,গেইট,True
গেলাম,গে+ল+াম,গে,গেল,False
গেরিলা,গেরিলা,গেরিলা,গেরিলা,True
গণধর্ষণ,গণ+ধর্ষণ,গণ,গণধর্ষণ,False
গণিত,গণিত,গণিত,গণিত,True
গণিতকে,গণিত+কে,গণিত,গণিত,True
গণসংযোগ,গণ+সংযোগ,গণ,গণসংযোগ,False
গণতন্ত্রায়ন,গণ+তন্ত্র+ায়ন,গণ,গণতন্ত্রায়ন,False
গণবিপন্নতা,গণ+বিপন্ন+তা,গণ,গণবিপন্নতা,False
গণমাধ্যমগুলোকে,গণ+মাধ্যম+গুলো+কে,গণ,গণমাধ্যম,False
গণপতি,গণ+পতি,গণ,গণপতি,False
গণপ্রজাতন্ত্রী,গণ+প্রজা+তন্ত্র+ী,গণ,গণপ্রজাতন্ত্রী,False
গোধূলীর,"গো+ধূলী+র, গোধূলী+র",গো,গোধূলীর,False
গোষ্ঠীকে,গোষ্ঠী+কে,গোষ্ঠী,গোষ্ঠী,True
গোলাপের,গোলাপ+ের,গোলাপ,গোলাপ,True
গোলযোগ,গোল+যোগ,গোল,গোলযোগ,False
গোলক্ষুধা,গোল+ক্ষুধা,গোল,গোলক্ষুধা,False
গোলরক্ষককে,গোল+রক্ষক+কে,গোল,গোলরক্ষক,False
গোলটিতেও,গোল+টি+তে+ও,গোল,গোল,True
গোলটিকেই,গোল+টি+কে+ই,গোল,গোল,True
গোয়ালঘরে,গোয়াল+ঘর+ে,গোয়াল,গোয়ালঘর,False
গোড়াতে,গোড়া+তে,গোড়া,গোড়া,True
গোড়াতেই,গোড়া+তে+ই,গোড়া,গোড়া,True
গৃহবধূকে,গৃহ+বধূ+কে,গৃহ,গৃহবধূ,False
গতিবিধি,গতি+বিধি,গতি,গতিবিধি,False
গুজাদিয়া,গুজাদিয়া,গুজাদিয়া,গুজাদিয়া,True
গুণী,গুণ+ী,গুণ,গুণী,False
গুদামে,গুদাম+ে,গুদাম,গুদাম,True
গুনাহসমূহ,গুনাহ+সমূহ,গুনাহ,গুনাহসমূহ,False
গুনছে,গুন+ছ+ে,গুন,গুন,True
গুরুগুরু,গুরু+গুরু,গুরু,গুরুগুরু,False
গদিঘর,গদি+ঘর,গদি,গদিঘর,False
গলার,গলা+র,গলা,গলা,True
গল্পসমগ্র,গল্প+সমগ্র,গল্প,গল্পসমগ্র,False
গল্পগাথা,গল্প+গাথা,গল্প,গল্পগাথা,False
গন্ধ,গন্ধ,গন্ধ,গন্ধ,True
গন্ধটা,গন্ধ+টা,গন্ধ,গন্ধ,True
গঙ্গাচড়ার,গঙ্গা+চড়া+র,গঙ্গা,গঙ্গাচড়া,False
গরজে,গরজ+ে,গরজ,গরজ,True
গর্ভধারিণী,গর্ভ+ধারিণী,গর্ভ,গর্ভধারিণী,False
গর্ভসঞ্চার,গর্ভ+সঞ্চার,গর্ভ,গর্ভসঞ্চা,False
গঠনের,গঠন+ের,গঠন,গঠন,True
গড়ে,গড়+ে,গড়,গড়,True
গড়িয়ে,গড়+িয়ে,গড়,গড়া,False
গড়িয়েছে,গড়+িয়ে+ছ+ে,গড়,গড়,True
গড়তে,"গড়+তে, গড়+ত+ে",গড়,গড়,True
গ্যাসসম্পদকে,গ্যাস+সম্পদ+কে,গ্যাস,গ্যাসসম্পদ,False
গ্যাসক্ষেত্র,গ্যাস+ক্ষেত্র,গ্যাস,গ্যাসক্ষেত্র,False
গ্যালারিতে,গ্যালারি+তে,গ্যালারি,গ্যালারি,True
গ্লাডিয়েটরের,গ্লাডিয়েটর+ের,গ্লাডিয়েটর,গ্লাডিয়েটর,True
গ্লানি,গ্লানি,গ্লানি,গ্লানি,True
গ্রীষ্নের,গ্রীষ্ন+ের,গ্রীষ্ন,গ্রীষ্ন,True
গ্রাম,গ্রাম,গ্রাম,গ্রাম,True
গ্রামছাড়া,গ্রাম+ছাড়া,গ্রাম,গ্রামছাড়া,False
গ্রামবাসী,গ্রাম+বাস+ী,গ্রাম,গ্রামবাসী,False
গ্রামগুলোতে,গ্রাম+গুলো+তে,গ্রাম,গ্রাম,True
গ্রামপ্রধান,গ্রাম+প্রধান,গ্রাম,গ্রামপ্রধান,False
গ্রেডের,গ্রেড+ের,গ্রেড,গ্রেড,True
গ্রেপ্তার,গ্রেপ্তার,গ্রেপ্তার,গ্রেপ্তা,False
গ্রহণকে,গ্রহণ+কে,গ্রহণ,গ্রহণ,True
হঁাস,হঁাস,হঁাস,হঁাস,True
হঁাকছেন,"হঁাক+ছে+ন, হঁাক+ছ+েন",হঁাক,হঁাক,True
হঁাটাচলা,হঁাট+া+চল+া,হঁাট,হঁাটাচলা,False
হঁাড়ি,হঁাড়ি,হঁাড়ি,হঁাড়ি,True
হাঁদারামগুলো,হাঁদা+রাম+গুলো,হাঁদা,হাঁদারাম,False
হাজারেরও,হাজার+ের+ও,হাজার,হাজার,True
হাজেরার,হাজেরা+র,হাজেরা,হাজেরা,True
হাসায়,হাস+া+য়,হাস,হাসায়,False
হাসে,হাস+ে,হাস,হাস,True
হাসিমুখ,হাসি+মুখ,হাসি,হাসিমুখ,False
হাসপাতালটিতে,হাসপাতাল+টি+তে,হাসপাতাল,হাসপাতাল,True
হাসপাতালের,হাসপাতাল+ের,হাসপাতাল,হাসপাতাল,True
হাস্যরস,হাস্য+রস,হাস্য,হাস্যরস,False
হাতাহাতি,হাত+া+হাত+ি,হাত,হাতাহাতি,False
হাতটি,হাত+টি,হাত,হাত,True
হালকাভাবেও,হালকা+ভাব+ে+ও,হালকা,হালকাভাব,False
হামলাস্থল,হামলা+স্থল,হামলা,হামলাস্থল,False
হানার,হানা+র,হানা,হানা,True
হার,হার,হার,হার,True
হারাচ্ছি,হার+া+চ্ছ+ি,হার,হার,True
হারামের,হারাম+ের,হারাম,হারাম,True
হারানোর,হার+া+নো+র,হার,হারানোর,False
হারেই,হার+ে+ই,হার,হার,True
হারিয়েছেন,"হার+িয়ে+ছ+ে+ন, হার+িয়ে+ছ+েন",হার,হার,True
হারলে,"হার+লে, হার+ল+ে",হার,হারল,False
হার্টে,হার্ট+ে,হার্ট,হার্ট,True
হাউসগুলো,হাউস+গুলো,হাউস,হাউস,True
হাড়গোড়,হাড়+গোড়,হাড়,হাড়গোড়,False
হেঁয়ালি,হেঁয়ালি,হেঁয়ালি,হেঁয়া,False
হিসাববিজ্ঞানের,হিসাব+বি+জ্ঞান+ের,হিসাব,হিসাববিজ্ঞান,False
হিসেবেও,হিসেব+ে+ও,হিসেব,হিসেব,True
হিরোকে,হিরো+কে,হিরো,হিরো,True
হিংসাও,হিংসা+ও,হিংসা,হিংসা,True
হোতা,হোতা,হোতা,হোতা,True
হোটেল,হোটেল,হোটেল,হোটেল,True
হোটেলপাড়া,হোটেল+পাড়া,হোটেল,হোটেলপাড়া,False
হতাশ,হতাশ,হতাশ,হতাশ,True
হতাশাজনকই,হতাশা+জনক+ই,হতাশা,হতাশা,True
হতাশার,হতাশা+র,হতাশা,হতাশা,True
হত্যা,হত্যা,হত্যা,হত্যা,True
হুইপদের,হুইপ+দের,হুইপ,হুইপ,True
হুল্লোড়,হুল্লোড়,হুল্লোড়,হুল্লোড়,True
হুমকির,হুমকি+র,হুমকি,হুমকি,True
হুমড়ি,হুমড়ি,হুমড়ি,হুমড়ি,True
হুশিয়ারি,হুশিয়ার+ি,হুশিয়ার,হুশিয়ারি,False
হবেনই,"হব+ে+ন+ই, হব+েন+ই",হব,হব,True
হইচই,হই+চই,হই,হইচই,False
হয়েই,হ+য়ে+ই,হ,হয়,False
হয়েও,হ+য়ে+ও,হ,হয়,False
হয়রানিমূলক,হয়রান+ি+মূলক,হয়রান,হয়রানিমূলক,False
হয়রানির,হয়রান+ি+র,হয়রান,হয়রানি,False
ইসলামপন্থি,ইসলাম+পন্থি,ইসলাম,ইসলামপন্থি,False
ইস্যুগুলো,ইস্যু+গুলো,ইস্যু,ইস্যু,True
ইস্কুলের,ইস্কুল+ের,ইস্কুল,ইস্কুল,True
ইচ্ছাও,ইচ্ছা+ও,ইচ্ছা,ইচ্ছা,True
ইকোনমিস্ট,ইকোনমি+স্ট,ইকোনমি,ইকোনমিস্ট,False
ইনিংসও,ইনিংস+ও,ইনিংস,ইনিংস,True
ইনিংসটিকেই,ইনিংস+টি+কে+ই,ইনিংস,ইনিংসটিকেই,False
ইন্সপেক্টরসহ,ইন্সপেক্টর+সহ,ইন্সপেক্টর,ইন্সপেক্টরসহ,False
যৌথসভায়,যৌথ+সভা+য়,যৌথ,যৌথসভায়,False
যৌনতাবিষয়ক,যৌন+তা+বিষয়+ক,যৌন,যৌনতাবিষয়ক,False
যাত্রীবেশে,যাত্রী+বেশ+ে,যাত্রী,যাত্রীবেশ,False
যাত্রীরাও,যাত্রী+রা+ও,যাত্রী,যাত্রীরা,False
যাবেন,"যা+ব+েন, যা+ব+ে+ন",যা,যাব,False
যাচাই,যাচাই,যাচাই,যাচা,False
যাচাইয়ের,যাচাই+য়ের,যাচাই,যাচাইয়,False
যাচ্ছেই,যা+চ্ছ+ে+ই,যা,যায়,False
যাওয়াকেই,যাওয়া+কে+ই,যাওয়া,যাওয়া,True
যেতে,"যে+ত+ে, যে+তে",যে,যেত,False
যেকোন,যে+কোন,যে,যেকোন,False
যোগাযোগে,যোগা+যোগ+ে,যোগা,যোগাযোগ,False
যোগ্যদের,যোগ্য+দের,যোগ্য,যোগ্য,True
যতদিন,যত+দিন,যত,যতদিন,False
যতদূর,যত+দূর,যত,যতদূর,False
যতটুকু,যত+টুকু,যত,যতটুকু,False
যুবকল্যাণ,যুব+কল্যাণ,যুব,যুবকল্যাণ,False
যুদ্ধাস্ত্রের,"1 যুদ্ধ+াস্ত্র+ের, যুদ্ধ+অস্ত্র+ের",1 যুদ্ধ,যুদ্ধাস্ত্র,False
যুদ্ধাবস্থাই,"1 যুদ্ধ+াবস্থা+ই, যুদ্ধ+অবস্থা+ই",1 যুদ্ধ,যুদ্ধাবস্থা,False
যুদ্ধবিগ্রহের,যুদ্ধ+বি+গ্রহ+ের,যুদ্ধ,যুদ্ধবিগ্রহ,False
যুদ্ধক্ষেত্র,যুদ্ধ+ক্ষেত্র,যুদ্ধ,যুদ্ধক্ষেত্র,False
যুগল,যুগল,যুগল,যুগল,True
যুগ্মভাবে,যুগ্ম+ভাব+ে,যুগ্ম,যুগ্মভাব,False
যুক্তিপ্রবণ,যুক্তি+প্রবণ,যুক্তি,যুক্তিপ্রবণ,False
যথাক্রমে,যথা+ক্রম+ে,যথা,যথাক্রম,False
কঁাচা,কঁাচা,কঁাচা,কঁাচা,True
কঁাচাবাজারগুলোয়,কঁাচা+বাজার+গুলো+য়,কঁাচা,কঁাচাবাজারগুলোয়,False
কঁাচি,কঁাচি,কঁাচি,কঁাচি,True
কঁাপছে,কঁাপ+ছ+ে,কঁাপ,কঁাপ,True
কঁাটার,কঁাটা+র,কঁাটা,কঁা,False
কীর্তিটি,কীর্তি+টি,কীর্তি,কীর্তি,True
কীটনাশকমুক্ত,কীট+নাশ+ক+মুক্ত,কীট,কীটনাশকমুক্ত,False
কৌতূহলই,কৌতূহল+ই,কৌতূহল,কৌতূহল,True
কাঁধেই,কাঁধ+ে+ই,কাঁধ,কাঁধ,True
কাঁচামালের,কাঁচা+মাল+ের,কাঁচা,কাঁচামাল,False
কাঁদিয়েই,কাঁদ+িয়ে+ই,কাঁদ,কাঁদা,False
কাজগুলো,কাজ+গুলো,কাজ,কাজ,True
কাজটাকে,কাজ+টা+কে,কাজ,কাজ,True
কাতরাচ্ছিলেন,"কাতরা+চ্ছ+িল+ে+ন, কাতরা+চ্ছি+ল+ে+ন",কাতরা,কাতর,False
কাহারে,"কাহার+ে, কাহা+রে",কাহার,কাহা,False
কালা,কাল+া,কাল,কালা,False
কালের,কাল+ের,কাল,কাল,True
কামও,কাম+ও,কাম,কাম,True
কানফাটা,কান+ফাটা,কান,কানফা,False
কান্নায়,কান্না+য়,কান্না,কান্নায়,False
কাপুরুষ,কা+পুরুষ,কা,কাপুরুষ,False
কাপড়কে,কাপড়+কে,কাপড়,কাপড়,True
কারা,কারা,কারা,কারা,True
কারিগরদের,কারিগর+দের,কারিগর,কারিগর,True
কারখানায়, কার+খানা+য়,কার,কারখানায়,False
কারণ,কারণ,কারণ,কারণ,True
কারণেই,কারণ+ে+ই,কারণ,কারণ,True
কারুশিল্পের,কারু+শিল্প+ের,কারু,কারুশিল্প,False
কার্যকারিতার,"1 কার্য+কার+ি+তা+র, কার্য+কার+ী+তা+র",1 কার্য,কার্যকারিতার,False
কার্যপরিধি,কার্য+পরিধি,কার্য,কার্যপরিধি,False
কাটছিল,"কাট+ছ+িল, কাট+ছি+ল",কাট,কাট,True
কাটছিলেন,"কাট+ছ+িল+ে+ন, কাট+ছি+ল+ে+ন",কাট,কাট,True
কাটিয়েছি,কাট+িয়ে+ছ+ি,কাট,কাটিয়ে,False
কাটপিস,কাট+পিস,কাট,কাটপ,False
কেবিনগুলোর,কেবিন+গুলো+র,কেবিন,কেবিন,True
কেথা,কেথা,কেথা,কেথা,True
কেনই,কেন+ই,কেন,কেন,True
কেনাকাটাসহ,কেনা+কাট+া+সহ,কেনা,কেনাকাটাসহ,False
কেটেছে,"1 কেট+েছ+ে, কেট+ে+ছ+ে",1 কেট,কাট,False
কেয়ারটেকারকে,কেয়ার+টেক+ার+কে,কেয়ার,কেয়ারটেকারকে,False
কষাব,কষা+ব,কষা,কষাব,False
কষ্টের,কষ্ট+ের,কষ্ট,কষ্ট,True
কষ্টসাধ্য,কষ্ট+সাধ্য,কষ্ট,কষ্টসাধ্য,False
কিছুকে,কিছু+কে,কিছু,কিছু,True
কিলোগ্রাম,কিলো+গ্রাম,কিলো,কিলোগ্রাম,False
কিনে,কিন+ে,কিন,কিন,True
কিনেও,কিন+ে+ও,কিন,কিন,True
কিনবে,কিন+ব+ে,কিন,কিনব,False
কিশোররা,কিশোর+রা,কিশোর,কিশোর,True
কখন,কখন,কখন,কখন,True
কখনো,কখন+ো,কখন,কখনো,False
কণ্টকমুক্ত,কণ্টক+মুক্ত,কণ্টক,কণ্টকমুক্ত,False
কণ্ঠস্বর,কণ্ঠ+স্বর,কণ্ঠ,কণ্ঠস্বর,False
কোম্পানিগুলোকে,কোম্পানি+গুলো+কে,কোম্পানি,কোম্পানি,True
কোম্পানিটির,কোম্পানি+টি+র,কোম্পানি,কোম্পানি,True
কোনার,কোনা+র,কোনা,কোনা,True
কোন্দলে,কোন্দল+ে,কোন্দল,কোন্দল,True
কোটামুক্ত,কোটা+মুক্ত,কোটা,কোটামুক্ত,False
কোটি,কোটি,কোটি,কোটি,True
কোটিপতি,কোটি+পতি,কোটি,কোটিপতি,False
কৃষিনির্ভরতা,কৃষি+নির্ভর+তা,কৃষি,কৃষিনির্ভরতা,False
কৃতকর্ম,কৃত+কর্ম,কৃত,কৃতকর্ম,False
কসরতসহ,কসরত+সহ,কসরত,কসরতসহ,False
কতজনের,কত+জন+ের,কত,কতজন,False
কুণ্ঠিত,কুণ্ঠ+িত,কুণ্ঠ,কুণ্ঠিত,False
কুতুব,কুতুব,কুতুব,কুতুব,True
কুতুবের,কুতুব+ের,কুতুব,কুতুব,True
কুদরাত,কুদরাত,কুদরাত,কুদরাত,True
কুমড়ো,কুমড়ো,কুমড়ো,কুমড়ো,True
কুটতে,কুট+তে,কুট,কুট,True
কূটকৌশল,কূট+কৌশল,কূট,কূটকৌশল,False
কূটনীতিক,কূট+নীতি+ক,কূট,কূটনীতিক,False
কবিরাজ,"কবি+রাজ, কবিরাজ",কবি,কবিরাজ,False
কদাচিত্ই,কদাচিত্+ই,কদাচিত্,কদাচিত্,True
কথাটিও,কথা+টি+ও,কথা,কথা,True
কলেজছাত্রীকে,কলেজ+ছাত্র+ী+কে,কলেজ,কলেজছাত্রী,False
কলেজজীবনের,কলেজ+জীব+ন+ের,কলেজ,কলেজজীবন,False
কলমের,কলম+ের,কলম,কলম,True
কলঙ্কের,কলঙ্ক+ের,কলঙ্ক,কলঙ্ক,True
কল্লোল,কল্লোল,কল্লোল,কল্লোল,True
কমান্ড,কমান্ড,কমান্ড,কমান্ড,True
কমে,কম+ে,কম,কম,True
কমিশনার,কমিশন+ার,কমিশন,কমিশনা,False
কমিশনাররা,কমিশন+ার+রা,কমিশন,কমিশনা,False
কমিশনে,কমিশন+ে,কমিশন,কমিশন,True
কমিটিকে,কমিটি+কে,কমিটি,কমি,False
কমিউনিস্টরা, কমিউনিস্ট+রা,কমিউনিস্ট,কমিউনিস্ট,True
কম্পনের,কম্পন+ের,কম্পন,কম্পন,True
কনভেনশনের,কনভেনশন+ের,কনভেনশন,কনভেনশন,True
কনটেইনারে,কনটেইন+ার+ে,কনটেইন,কনটেইনারে,False
কন্টিনিউয়িং,কন্টিনিউয়+িং,কন্টিনিউয়,কন্টিনিউয়িং,False
কপিও,কপি+ও,কপি,কপি,True
করা,কর+া,কর,কর,True
করছেন,কর+ছ+ে+ন,কর,কর,True
করছিলাম,"কর+ছি+ল+াম, কর+ছ+িল+াম",কর,কর,True
করেছিলাম,"কর+েছ+িল+াম, কর+েছি+ল+াম",কর,কর,True
করিয়েই,কর+িয়ে+ই,কর,করা,False
করবে,কর+ব+ে,কর,কর,True
করবই,কর+ব+ই,কর,কর,True
করলাম,কর+ল+াম,কর,কর,True
করলেন,কর+ল+ে+ন,কর,কর,True
কর্তারা,কর্তা+রা,কর্তা,কর্তা,True
কর্তন,কর্তন,কর্তন,কর্তন,True
কর্মএলাকা,কর্ম+এলাকা,কর্ম,কর্মএলাকা,False
কর্মকর্তাগণ,কর্ম+কর্তা+গণ,কর্ম,কর্মকর্তাগণ,False
কর্মপ্রচেষ্টায়,কর্ম+প্র+চেষ্টা+য়,কর্ম,কর্মপ্রচেষ্টায়,False
কর্মরতদের,কর্ম+রত+দের,কর্ম,কর্মরত,False
কর্নেলের,কর্নেল+ের,কর্নেল,কর্নেল,True
কঠিন,কঠিন,কঠিন,কঠিন,True
কয়দিন,কয়+দিন,কয়,কয়দিন,False
কয়টি,কয়+টি,কয়,কয়,True
কড়া,কড়া,কড়া,কড়া,True
কড়াই,কড়া+ই,কড়া,কড়া,True
ক্ষেত্রগুলোকেও,ক্ষেত্র+গুলো+কে+ও,ক্ষেত্র,ক্ষেত্র,True
ক্ষিপ্রতা,ক্ষিপ্র+তা,ক্ষিপ্র,ক্ষিপ্রতা,False
ক্ষোভ,ক্ষোভ,ক্ষোভ,ক্ষোভ,True
ক্ষতিতে,ক্ষতি+তে,ক্ষতি,ক্ষতি,True
ক্ষতিগ্রস্ত,ক্ষতি+গ্রস্ত,ক্ষতি,ক্ষতিগ্রস্ত,False
ক্ষতিই,ক্ষতি+ই,ক্ষতি,ক্ষতি,True
ক্ষতিকর,ক্ষতি+কর,ক্ষতি,ক্ষতি,True
ক্ষতিপূরণ,ক্ষতি+পূরণ,ক্ষতি,ক্ষতিপূরণ,False
ক্ষুদ্র,ক্ষুদ্র,ক্ষুদ্র,ক্ষুদ্র,True
ক্যাডারভুক্ত,ক্যাডার+ভুক্ত,ক্যাডার,ক্যাডারভুক্ত,False
ক্যাচিংয়ে,ক্যাচ+িং+য়ে,ক্যাচ,ক্যাচিংয়,False
ক্যাটেগরিতে,ক্যাটেগরি+তে,ক্যাটেগরি,ক্যাটেগরি,True
ক্লাবগুলোর,ক্লাব+গুলো+র,ক্লাব,ক্লাব,True
ক্লিনিকগুলোয়,ক্লিনিক+গুলো+য়,ক্লিনিক,ক্লিনিকগুলোয়,False
ক্লিয়ারে,ক্লিয়ার+ে,ক্লিয়ার,ক্লিয়া,False
ক্রীড়াবিদকে,ক্রীড়া+বিদ+কে,ক্রীড়া,ক্রীড়াবিদ,False
ক্রীড়াব্যক্তিত্বকে,ক্রীড়া+ব্যক্তি+ত্ব+কে,ক্রীড়া,ক্রীড়াব্যক্তিত্ব,False
ক্রীড়ানুরাগীরা,"1 ক্রীড়া+নুরাগ+ী+রা, ক্রীড়া+অনুরাগ+ী+রা",1 ক্রীড়া,ক্রীড়ানুরাগীরা,False
ক্রেতা,ক্রেতা,ক্রেতা,ক্রেতা,True
ক্রয়ক্ষমতার,ক্রয়+ক্ষমতা+র,ক্রয়,ক্রয়ক্ষমতা,False
ক্রয়মূল্যই,ক্রয়+মূল্য+ই,ক্রয়,ক্রয়মূল্য,False
লীলার,লীলা+র,লীলা,লীলা,True
লাগছেই,লাগ+ছ+ে+ই,লাগ,লাগ,True
লাগে,লাগ+ে,লাগ,লাগ,True
লাগবে,লাগ+ব+ে,লাগ,লাগব,False
লাগলেই,লাগ+লে+ই,লাগ,লাগল,False
লাইন,লাইন,লাইন,লাইন,True
লাকি,লাকি,লাকি,লাকি,True
লালসালু,লাল+সালু,লাল,লালসালু,False
লাউডস্পিকারের,লাউড+স্পিক+ার+ের,লাউড,লাউডস্পিকার,False
লেফটেন্যান্টকে,লেফটেন্যান্ট+কে,লেফটেন্যান্ট,লেফটেন্যান্ট,True
লেবেলবিহীন,লেবেল+বি+হীন,লেবেল,লেবেলবিহীন,False
লেগেছেন,"লেগ+েছ+ে+ন, লেগ+ে+ছ+ে+ন",লেগ,লাগ,False
লেকচারার,লেকচার+ার,লেকচার,লেকচারা,False
লিডারস,লিড+ার+স,লিড,লিডারস,False
লিগ,লিগ,লিগ,লিগ,True
লোভ,লোভ,লোভ,লোভ,True
লোকালয়ে,"1 লোক+ালয়+ে, লোক+আলয়+ে",1 লোক,লোকালয়,False
লোকদেখানো,লোক+দেখ+া+নো,লোক,লোকদেখানো,False
লোকদেরও,লোক+দের+ও,লোক,লোক,True
লঞ্চে,লঞ্চ+ে,লঞ্চ,লঞ্চ,True
লঞ্চগুলোয়,লঞ্চ+গুলো+য়,লঞ্চ,লঞ্চগুলোয়,False
লবটি,লব+টি,লব,লব,True
লক্ষ্য,লক্ষ্য,লক্ষ্য,লক্ষ্য,True
লক্ষ্যণীয়,লক্ষ্যণ+ীয়,লক্ষ্যণ,লক্ষ্যণীয়,False
লঙ্ঘন,লঙ্ঘন,লঙ্ঘন,লঙ্ঘন,True
লঙ্ঘনে,লঙ্ঘন+ে,লঙ্ঘন,লঙ্ঘন,True
ল্যাবে,ল্যাব+ে,ল্যাব,ল্যাব,True
ল্যান্ডওভারে,ল্যান্ড+ওভার+ে,ল্যান্ড,ল্যান্ডওভা,False
মীমাংসাসহ,মীমাংসা+সহ,মীমাংসা,মীমাংসাসহ,False
মাছের,মাছ+ের,মাছ,মাছ,True
মাছগুলো,মাছ+গুলো,মাছ,মাছ,True
মাফিয়ারা,মাফিয়া+রা,মাফিয়া,মাফিয়া,True
মাসেরই,মাস+ের+ই,মাস,মাস,True
মাতৃদুগ্ধের,মাতৃ+দুগ্ধ+ের,মাতৃ,মাতৃদুগ্ধ,False
মাতৃমৃত্যু,মাতৃ+মৃত্যু,মাতৃ,মাতৃমৃত্যু,False
মাদকদ্রব্য,মাদক+দ্রব্য,মাদক,মাদকদ্রব্য,False
মাদকমুক্ত,মাদক+মুক্ত,মাদক,মাদকমুক্ত,False
মাথাই,মাথা+ই,মাথা,মাথা,True
মাথাপিছু,মাথা+পিছু,মাথা,মাথাপিছু,False
মাইক্রোবাস,মাইক্রো+বাস,মাইক্রো,মাইক্রোবাস,False
মাইনিং,মাইন+িং,মাইন,মাইনিং,False
মালা,মালা,মালা,মালা,True
মামলাগুলোও,মামলা+গুলো+ও,মামলা,মামলা,True
মানে,"মান+ে, মানে",মান,মান,True
মানিয়া,মান+িয়া,মান,মানিয়া,False
মানোন্নয়নের,1 মান+োন্নয়ন+ের,1 মান,মানোন্নয়ন,False
মানবজাতিকেই,মানব+জাত+ি+কে+ই,মানব,মানবজাতি,False
মানবজমিনে,মানব+জমিন+ে,মানব,মানবজমিন,False
মানবতাবাদীদের,মানব+তা+বাদী+দের,মানব,মানবতাবাদী,False
মানটা,মান+টা,মান,মান,True
মারপঁ্যাচ,মার+পঁ্যাচ,মার,মারপঁ্যাচ,False
মাটির,মাটি+র,মাটি,মাটি,True
মাঝে,মাঝ+ে,মাঝ,মাঝ,True
মাঝিপাড়া,মাঝি+পাড়া,মাঝি,মাঝিপাড়া,False
মাঝখানে,মাঝ+খান+ে,মাঝ,মাঝখান,False
মাঠেই,মাঠ+ে+ই,মাঠ,মাঠ,True
মাঠও,মাঠ+ও,মাঠ,মাঠ,True
মধ্যাঞ্চলেও,"1 মধ্য+াঞ্চল+ে+ও, মধ্য+অঞ্চল+ে+ও",1 মধ্য,মধ্যাঞ্চল,False
মধ্যরাত,মধ্য+রাত,মধ্য,মধ্যরাত,False
মেজাজও,মেজাজ+ও,মেজাজ,মেজাজ,True
মেজর,মেজর,মেজর,মেজর,True
মেডিকেলটাই,মেডিকেল+টা+ই,মেডিকেল,মেডিকেল,True
মেগাওয়াটেও,মেগা+ওয়াট+ে+ও,মেগা,মেগাওয়াটেও,False
মেম্বারদের,মেম্বার+দের,মেম্বার,মেম্বার,True
মেটাতে,মেটা+তে,মেটা,মেটা,True
মেয়েপক্ষের,মেয়ে+পক্ষ+ের,মেয়ে,মেয়েপক্ষ,False
মেয়েশিশু,মেয়ে+শিশু,মেয়ে,মেয়েশিশু,False
মেয়রপ্রার্থী,মেয়র+প্রার্থী,মেয়র,মেয়রপ্রার্থী,False
মিডিয়াসহ,মিডিয়া+সহ,মিডিয়া,মিডিয়াসহ,False
মিথ্যাচারের,"1 মিথ্যা+চার+ের, মিথ্যা+আচার+ের",1 মিথ্যা,মিথ্যাচার,False
মিথ্যে,মিথ্যে,মিথ্যে,মিথ্য,False
মিলাদ,মিলাদ,মিলাদ,মিলাদ,True
মিলিতভাবে,মিলিত+ভাব+ে,মিলিত,মিলিতভাব,False
মিলনায়তনে,মিলনায়তন+ে,মিলনায়তন,মিলনায়তন,True
মিলনমেলা,মিলন+মেলা,মিলন,মিলনমেলা,False
মিটিমিটি,মিটি+মিটি,মিটি,মিটিমিটি,False
মজবুত,মজবুত,মজবুত,মজবুত,True
মণ্ড,মণ্ড,মণ্ড,মণ্ড,True
মৃত্যুদণ্ডপ্রাপ্তদের,মৃত্যু+দণ্ড+প্রাপ্ত+দের,মৃত্যু,মৃত্যুদণ্ডপ্রাপ্ত,False
মৃত্যুকে,মৃত্যু+কে,মৃত্যু,মৃত্যু,True
মসজিদ,মসজিদ,মসজিদ,মসজিদ,True
মসজিদটি,মসজিদ+টি,মসজিদ,মসজিদ,True
মতামতধর্মী,"1 মতামত+ধর্ম+ী, মত+অমত+ধর্ম+ী",1 মতামত,মতামতধর্মী,False
মতবাদগত,মত+বাদ+গত,মত,মতবাদ,False
মতপার্থক্য,মত+পার্থক্য,মত,মতপার্থক্য,False
মুখে,মুখ+ে,মুখ,মুখ,True
মুখোশ,মুখোশ,মুখোশ,মুখোশ,True
মুখমণ্ডল,মুখ+মণ্ডল,মুখ,মুখমণ্ডল,False
মুগ্ধতা,মুগ্ধ+তা,মুগ্ধ,মুগ্ধতা,False
মুক্তিযোদ্ধার,মুক্তি+যোদ্ধা+র,মুক্তি,মুক্তিযোদ্ধা,False
মুক্তবুদ্ধির,মুক্ত+বুদ্ধি+র,মুক্ত,মুক্তবুদ্ধি,False
মুশকিল,মুশকিল,মুশকিল,মুশকিল,True
মূখ্য,মূখ্য,মূখ্য,মূখ্য,True
মূল্যায়ন,মূল্য+ায়ন,মূল্য,মূল্যায়ন,False
মূল্যছাড়,মূল্য+ছাড়,মূল্য,মূল্যছাড়,False
মূল্যের,মূল্য+ের,মূল্য,মূল্য,True
মূল্যবোধবিরোধী,মূল্য+বোধ+বি+রোধ+ী,মূল্য,মূল্যবোধবিরোধী,False
মূল্যমান,মূল্য+মান,মূল্য,মূল্য,True
মহাসাগরের,মহা+সাগর+ের,মহা,মহাসাগর,False
মহাসচিব,মহা+সচিব,মহা,মহাসচিব,False
মহাসচিবকে,মহা+সচিব+কে,মহা,মহাসচিব,False
মহাসমাবেশকে,মহা+সমাবেশ+কে,মহা,মহাসমাবেশ,False
মহাসড়ক,মহা+সড়ক,মহা,মহাসড়ক,False
মহাদলকে,মহা+দল+কে,মহা,মহাদল,False
মহামান্য,মহা+মান্য,মহা,মহামান্য,False
মহাপরিচালকের,মহা+পরি+চালক+ের,মহা,মহাপরিচালক,False
মহারথীই,মহা+রথী+ই,মহা,মহারথী,False
মহার্ঘ্য,"1 মহা+র্ঘ্য, মহা+অর্ঘ্য",1 মহা,মহার্ঘ্য,False
মহিলা,মহিলা,মহিলা,মহিলা,True
মহিলাদেরকেই,মহিলা+দের+কে+ই,মহিলা,মহিলা,True
মহলে,মহল+ে,মহল,মহল,True
মহলসহ,মহল+সহ,মহল,মহলসহ,False
মহরত,মহরত,মহরত,মহরত,True
মনক্ষুণ্ন,মন+ক্ষুণ্ন,মন,মনক্ষুণ্ন,False
মননশীল,মনন+শীল,মনন,মনন,True
মন্তব্যগুলো,মন্তব্য+গুলো,মন্তব্য,মন্তব্য,True
মন্ত্র,মন্ত্র,মন্ত্র,মন্ত্র,True
মন্ত্রণালয়,"1 মন্ত্রণা+লয়, মন্ত্রণা+আলয়",1 মন্ত্রণা,মন্ত্রণালয়,False
মরতে,মর+তে,মর,মর,True
মর্যাদাও,মর্যাদা+ও,মর্যাদা,মর্যাদা,True
মর্যাদায়,মর্যাদা+য়,মর্যাদা,মর্যাদায়,False
ময়দানেও,ময়দান+ে+ও,ময়দান,ময়দান,True
ময়নাতদন্ত,ময়না+তদন্ত,ময়না,ময়নাতদ,False
ম্যাচটাও,ম্যাচ+টা+ও,ম্যাচ,ম্যাচ,True
ম্যানাজার,ম্যানাজ+ার,ম্যানাজ,ম্য,False
নৈতিকতাহীন,নৈতিক+তা+হীন,নৈতিক,নৈতিকতাহীন,False
নীরস,নীরস,নীরস,নীরস,True
নৌকাগুলো,নৌকা+গুলো,নৌকা,নৌকা,True
নৌশ্রমিকদের,নৌ+শ্রমিক+দের,নৌ,নৌশ্রমিক,False
নাতনির,নাতনি+র,নাতনি,নাতনি,True
নাচে,নাচ+ে,নাচ,নাচ,True
নাগালে,নাগাল+ে,নাগাল,নাগাল,True
নাগালের,নাগাল+ের,নাগাল,নাগাল,True
নাগে,নাগ+ে,নাগ,নাগ,True
নাগরিকবৃন্দ,নাগরিক+বৃন্দ,নাগরিক,নাগরিকবৃন্দ,False
নাক,নাক,নাক,নাক,True
নাকে,"নাক+ে, না+কে",নাক,নাক,True
নামাজ,নামাজ,নামাজ,নামাজ,True
নামল,নাম+ল,নাম,নামল,False
নামলেন,নাম+ল+ে+ন,নাম,নাম,True
নারীসহ,নারী+সহ,নারী,নারীসহ,False
নারীকর্মী,নারী+কর্ম+ী,নারী,নারীকর্মী,False
নেসার,নেসা+র,নেসা,নেসা,True
নেতৃত্বগুণ,নেতৃ+ত্ব+গুণ,নেতৃ,নেতৃত্বগুণ,False
